ItemID,Name,Armour,Might,Agility,Will,Fate,Vitality,Physical_Mastery_Rating,Tactical_Mastery_Rating,Physical_Mitigation,Tactical_Mitigation,Critical_Rating,Critical_Defence,Finesse_Rating,Block_Rating,Parry_Rating,Evade_Rating,Outgoing_Healing_Rating,Incoming_Healing_Rating,Resistance_Rating,Maximum_Morale,Maximum_Power,PrimaryEssence,VitalEssence,BasicEssence,DPS,minDamage,maxDamage,Itemlvl,Quality,EquipSlot
1879477715,Agile Silver Bracelet of the Adventurer,,,1289,,,1568,,,,,5450,,,,,5101,,,,,,,,,,,,510,RARE,Armband
1879477693,Agile Silver Bracelet of the Adventurer,,,1289,,,1568,,,,4573,,,,,5101,,,,,,,,,,,,,510,RARE,Armband
1879475737,Band of Cowry Shells,,428,428,428,,1380,,,,,,,,,5659,,,,,,,,,,,,,501,UNCOMMON,Armband
1879477735,Burnished Silver Bracer of the Adventurer,,1289,,,,1568,,,,,5450,,,,,5101,,,,,,,,,,,,510,RARE,Armband
1879477664,Burnished Silver Bracer of the Adventurer,,1289,,,,1568,,,,4573,,,,,5101,,,,,,,,,,,,,510,RARE,Armband
1879477727,Delicate Gold Armlet of the Adventurer,,,,1289,,1568,,,,,,,7282,,,,8425,,,,,,,,,,,510,RARE,Armband
1879477711,Delicate Gold Armlet of the Adventurer,,,,1289,,1568,,,,,,,4852,,,,12651,,,,,,,,,,,510,RARE,Armband
1879477717,Dextrous Gold Bracelet of the Adventurer,,,1289,,,1568,,,,,,,7282,,5101,,,,,,,,,,,,,510,RARE,Armband
1879477697,Dextrous Gold Bracelet of the Adventurer,,,1289,,,1568,,,,,,,,,,7659,,,6544,,,,,,,,,510,RARE,Armband
1879476350,Expertly Handmade Bracelet of Hard Shells,,,,,,,,,3113,,,,,2617,,,,,,,,1,1,1,,,,512,RARE,Armband
1879476369,Expertly Handmade Cowry Shell Bracelet,,,,,,,,,,3113,,,,,2617,,,,,,,1,1,1,,,,512,RARE,Armband
1879476379,Expertly Handmade Navigator's Bracelet,,,,,,,,3075,,,1862,,,,,,,,,,,1,1,1,,,,512,RARE,Armband
1879476362,Expertly Handmade Sailor's Charm Bracelet,,,,,,,3075,,,,1862,,,,,,,,,,,1,1,1,,,,512,RARE,Armband
1879476772,Footman's Fierce Wristlet of the Moors,,,,,245,728,,4289,,,2559,,,,,,,,,,,,,,,,,505,RARE,Armband
1879476775,Footman's Lustrous Wristlet of the Moors,,,,,368,728,,,,,,2280,6831,,,,,,,,,,,,,,,505,RARE,Armband
1879476776,Footman's Reinforced Wristlet of the Moors,,,,,,728,,,2180,4351,,,,,,,,2280,,,,,,,,,,505,RARE,Armband
1879476773,Footman's Spirited Wristlet of the Moors,,,,,,728,,,,,2559,2280,,,,,11876,,,,,,,,,,,505,RARE,Armband
1879476748,Footman's Strong Wristlet of the Moors,,,,,245,728,4289,,,,2559,,,,,,,,,,,,,,,,,505,RARE,Armband
1879476766,Guardsman's Fierce Wristlet of the Moors,,,,,,728,,4289,,,2559,,,,,,,,,,,,,,,,,505,RARE,Armband
1879476764,Guardsman's Lustrous Wristlet of the Moors,,,,,368,728,,,,,,,6831,,,,,,,,,,,,,,,505,RARE,Armband
1879476765,Guardsman's Reinforced Wristlet of the Moors,,,,,,728,,,2180,4351,,,,,,,,,,,,,,,,,,505,RARE,Armband
1879476759,Guardsman's Spirited Wristlet of the Moors,,,,,,728,,,,,2559,,,,,,11876,,,,,,,,,,,505,RARE,Armband
1879476745,Guardsman's Strong Wristlet of the Moors,,,,,,728,4289,,,,2559,,,,,,,,,,,,,,,,,505,RARE,Armband
1879476360,Handmade Bracelet of Hard Shells,,,,,,990,,,2136,,,,,2334,,,,,,,,1,,1,,,,503,UNCOMMON,Armband
1879476372,Handmade Cowry Shell Bracelet,,,,,,990,,,,2136,,,,,2334,,,,,,,1,,1,,,,503,UNCOMMON,Armband
1879476363,Handmade Navigator's Bracelet,,,,,,990,,2099,,,1658,,,,,,,,,,,1,,1,,,,503,UNCOMMON,Armband
1879476373,Handmade Sailor's Charm Bracelet,,,,,,990,2099,,,,1658,,,,,,,,,,,1,,1,,,,503,UNCOMMON,Armband
1879475729,Lucky Shell Bracelet,,,,,512,912,,,,,5314,,,,,,,,,,,1,,1,,,,508,RARE,Armband
1879477725,Refined Agile Silver Bracelet of the Adventurer,,,1289,,,1568,3014,,,4573,,,,,5101,,,,,,,,,,,,,510,INCOMPARABLE,Armband
1879477695,Refined Agile Silver Bracelet of the Adventurer,,,1289,,,1568,3014,,,,5450,,,,,5101,,,,,,,,,,,,510,INCOMPARABLE,Armband
1879477734,Refined Burnished Silver Bracer of the Adventurer,,1289,,,,1568,3014,,,,5450,,,,,5101,,,,,,,,,,,,510,INCOMPARABLE,Armband
1879477679,Refined Burnished Silver Bracer of the Adventurer,,1289,,,,1568,3014,,,4573,,,,,5101,,,,,,,,,,,,,510,INCOMPARABLE,Armband
1879477706,Refined Delicate Gold Armlet of the Adventurer,,,,1289,,1568,,,,,,,4852,,,,12651,,,,,,,1,,,,510,INCOMPARABLE,Armband
1879477677,Refined Delicate Gold Armlet of the Adventurer,,,,1289,,1568,,,,,,,7282,,,,8425,,,,,,,1,,,,510,INCOMPARABLE,Armband
1879477728,Refined Dextrous Gold Bracelet of the Adventurer,,,1289,,,1568,,,,,,,,,,7659,,,6544,,,,,1,,,,510,INCOMPARABLE,Armband
1879477689,Refined Dextrous Gold Bracelet of the Adventurer,,,1289,,,1568,,,,,,,7282,,5101,,,,,,,,,1,,,,510,INCOMPARABLE,Armband
1879477730,Refined Studded Gold Bracer of the Adventurer,,1289,,,,1568,,,,,,,7282,,5101,,,,,,,,,1,,,,510,INCOMPARABLE,Armband
1879477674,Refined Studded Gold Bracer of the Adventurer,,1289,,,,1568,,,,,,,,,,7659,,,6544,,,,,1,,,,510,INCOMPARABLE,Armband
1879477699,Refined Woven Silver Armlet of the Adventurer,,,,1289,,1568,,,,4573,3633,,,,,5101,,,,,,,,,,,,510,INCOMPARABLE,Armband
1879477688,Refined Woven Silver Armlet of the Adventurer,,,,1289,,1568,,,3054,,5450,,,,,5101,,,,,,,,,,,,510,INCOMPARABLE,Armband
1879475734,Sea-side Bracelet,,,,,,1422,,,2848,2848,,,,,,,,,8958,,,,,,,,,503,UNCOMMON,Armband
1879475738,Shiny Seaside Bracelet,,,,,,1588,,,2312,2312,,,,,,,,,,,,1,,1,,,,511,RARE,Armband
1879477744,Studded Gold Bracer of the Adventurer,,1289,,,,1568,,,,,,,7282,,5101,,,,,,,,,,,,,510,RARE,Armband
1879477662,Studded Gold Bracer of the Adventurer,,1289,,,,1568,,,,,,,,,,7659,,,6544,,,,,,,,,510,RARE,Armband
1879477720,Woven Silver Armlet of the Adventurer,,,,1289,,1568,,,,,5450,,,,,5101,,,,,,,,,,,,510,RARE,Armband
1879477704,Woven Silver Armlet of the Adventurer,,,,1289,,1568,,,,4573,3633,,,,,,,,,,,,,,,,,510,RARE,Armband
1879477442,Adept Coin of the Sailor's Code,,,,,,342,,,,,,,,,,,,,,,,1,,4,,,,517,INCOMPARABLE,Bauble
1879477422,Charming Parrot Coin,,,,,238,1140,,,,,5808,,7756,,,,,,,,,,,,,,,503,UNCOMMON,Bauble
1879477444,Coin of the Sailor's Code,,,,,,291,,,,,,,,,,,,,,,,1,,1,,,,505,UNCOMMON,Bauble
1879477443,Durable Coin of the Sailor's Code,,,,,,308,,,,,,,,,,,,,,,,1,1,1,,,,509,RARE,Bauble
1879477445,Enduring Coin of the Sailor's Code,,,,,,325,,,,,,,,,,,,,,,,1,1,2,,,,513,RARE,Bauble
1879477417,Expertly Handmade Navigator's Coin,,,,,,,,3075,,,1862,,,,,,,,,,,1,1,1,,,,512,RARE,Bauble
1879477421,Expertly Handmade Sailor's Coin,,,,,,,3075,,,,1862,,,,,,,,,,,1,1,1,,,,512,RARE,Bauble
1879477423,Expertly Handmade Tropical Parrot Coin,,,,,,,,,,3113,,,,,,,,,3357,,,1,1,1,,,,512,RARE,Bauble
1879477419,Expertly Handmade Watchful Parrot Coin,,,,,,,,,3113,,,,,,,,,,3357,,,1,1,1,,,,512,RARE,Bauble
1879476777,Footman's Fierce Token of the Moors,,,,,,728,,4289,,,2559,,,,,,,,,,,,,,,,,505,RARE,Bauble
1879476770,Footman's Lustrous Token of the Moors,,,,,368,728,,,,,,,6831,,,,,,3073,,,,,,,,,505,RARE,Bauble
1879476780,Footman's Reinforced Token of the Moors,,,,,,728,,,2180,4351,,,,,,,,,3073,,,,,,,,,505,RARE,Bauble
1879476742,Footman's Spirited Token of the Moors,,,,,,728,,,,,2559,,,,,,11876,,3073,,,,,,,,,505,RARE,Bauble
1879476741,Footman's Strong Token of the Moors,,,,,,728,4289,,,,2559,,,,,,,,,,,,,,,,,505,RARE,Bauble
1879477441,Fortifying Coin of the Sailor's Code,,,,,,342,,,,,,,,,,,,,,,,1,1,3,,,,517,INCOMPARABLE,Bauble
1879477718,Glimmering Phial of the Adventurer,,,,1289,394,1568,,,,2290,,,,,,,,,,,,,,1,,,,510,RARE,Bauble
1879477707,Glimmering Phial of the Adventurer,,,,1289,394,1568,,,,,2729,,,,,,,,,,,,,1,,,,510,RARE,Bauble
1879476750,Guardsman's Fierce Token of the Moors,,,,,,728,,4289,,,2559,,,,,,,,,,,,,,,,,505,RARE,Bauble
1879476746,Guardsman's Lustrous Token of the Moors,,,,,368,728,,,,,,,6831,,,,,,,,,,,,,,,505,RARE,Bauble
1879476752,Guardsman's Reinforced Token of the Moors,,,,,,728,,,2180,4351,,,,,,,,,,,,,,,,,,505,RARE,Bauble
1879476771,Guardsman's Spirited Token of the Moors,,,,,,728,,,,,2559,,,,,,11876,,,,,,,,,,,505,RARE,Bauble
1879476761,Guardsman's Strong Token of the Moors,,,,,,728,4289,,,,2559,,,,,,,,,,,,,,,,,505,RARE,Bauble
1879477713,Meaningful Locket of the Adventurer,,,1289,,394,1568,,,,,2729,,,,,,,,,,,,,1,,,,510,RARE,Bauble
1879477692,Meaningful Locket of the Adventurer,,,1289,,394,1568,,,,2290,,,,,,,,,,,,,,1,,,,510,RARE,Bauble
1879477698,Proud Emblem of the Adventurer,,1289,,,394,1568,,,,,2729,,,,,,,,,,,,,1,,,,510,RARE,Bauble
1879477694,Proud Emblem of the Adventurer,,1289,,,394,1568,,,,2290,,,,,,,,,,,,,,1,,,,510,RARE,Bauble
1879477740,Refined Glimmering Phial of the Adventurer,,,,1289,526,1568,,,,,5450,,,,,,,,,,,,,1,,,,510,INCOMPARABLE,Bauble
1879477703,Refined Glimmering Phial of the Adventurer,,,,1289,526,1568,,,,4573,,,,,,,,,,,,,,1,,,,510,INCOMPARABLE,Bauble
1879477747,Refined Meaningful Locket of the Adventurer,,,1289,,526,1568,,,,,5450,,,,,,,,,,,,,1,,,,510,INCOMPARABLE,Bauble
1879477667,Refined Meaningful Locket of the Adventurer,,,1289,,526,1568,,,,4573,,,,,,,,,,,,,,1,,,,510,INCOMPARABLE,Bauble
1879477741,Refined Proud Emblem of the Adventurer,,1289,,,526,1568,,,,4573,,,,,,,,,,,,,,1,,,,510,INCOMPARABLE,Bauble
1879477684,Refined Proud Emblem of the Adventurer,,1289,,,526,1568,,,,,5450,,,,,,,,,,,,,1,,,,510,INCOMPARABLE,Bauble
1879477416,Shiny Parrot Coin,,,,,,1547,,,,3024,,,,,,,,,3236,,,1,,1,,,,509,RARE,Bauble
1879477440,Skilled Coin of the Sailor's Code,,,,,,325,,,,,,,,,,,,,,,,1,,3,,,,513,RARE,Bauble
1879477446,Versatile Coin of the Sailor's Code,,,,,,308,,,,,,,,,,,,,,,,1,,2,,,,509,RARE,Bauble
1879477293,Carved Umbari Empowered Bow,,,,,,1005,,2121,,,1681,,,,,,,,,,,1,,1,625.7,536,715,503,UNCOMMON,Bow
1879477296,Carved Umbari Light Bow,,,,,242,1005,,,,,,,3370,,,,,,,,,1,,1,625.7,536,715,503,UNCOMMON,Bow
1879477268,Carved Umbari Reinforced Bow,,,,,,1005,,,,,,,2250,,3539,,,,,,,1,,1,625.7,536,715,503,UNCOMMON,Bow
1879477304,Carved Umbari Sharp Bow,,,,,,1005,2121,,,,1681,,,,,,,,,,,1,,1,625.7,536,715,503,UNCOMMON,Bow
1879477264,Expertly Carved Umbari Empowered Bow,,,,,,,,3105,,,1884,,,,,,,,,,,1,1,1,678.4,581,775,512,RARE,Bow
1879477285,Expertly Carved Umbari Light Bow,,,,,273,,,,,,,,5033,,,,,,,,,1,1,1,678.4,581,775,512,RARE,Bow
1879477272,Expertly Carved Umbari Reinforced Bow,,,,,,,,,,,,,2520,,5290,,,,,,,1,1,1,678.4,581,775,512,RARE,Bow
1879477277,Expertly Carved Umbari Sharp Bow,,,,,,,3105,,,,1884,,,,,,,,,,,1,1,1,678.4,581,775,512,RARE,Bow
1879476822,Footman's Keen Bow of the Moors,,752,,,,728,2144,,,,,,,,,,,,,,,,,,647,555,739,505,RARE,Bow
1879476840,Footman's Reinforced Bow of the Moors,,752,,,,728,,,,2180,,,,,,,,,,,,,,,647,555,739,505,RARE,Bow
1879476821,Guardsman's Keen Bow of the Moors,,803,,,,780,2259,,,,1817,,,,,,,,,,,,,,669.4,574,765,510,RARE,Bow
1879476839,Guardsman's Reinforced Bow of the Moors,,803,,,,780,,,1527,2290,,,,,,,,,,,,,,,669.4,574,765,510,RARE,Bow
1879477240,Keen Bow,,,855,,,823,4106,,,,,,,,,,,,8713,,,,,,616.9,529,705,501,UNCOMMON,Bow
1879477836,Nimble Bow of the Adventurer,,,1289,,,1568,,,,3054,,,7282,,,,,,,,,,,,669.4,574,765,510,RARE,Bow
1879477791,Nimble Bow of the Adventurer,,,1289,,,1568,,,,,,7282,4852,,,,,,,,,,,,669.4,574,765,510,RARE,Bow
1879477814,Powerful Greatbow of the Adventurer,,1289,,,,1568,,,,3054,,7282,4852,,,,,,,,,,,,695.2,596,794,510,INCOMPARABLE,Bow
1879477797,Powerful Greatbow of the Adventurer,,1289,,,,1568,,,,3054,,,7282,,,5101,,,,,,,,,695.2,596,794,510,INCOMPARABLE,Bow
1879477227,Pristine Keen Bow,,,1095,,,1064,5898,,,,,,,,,,,,9571,,,,,,660.4,566,755,508,RARE,Bow
1879477236,Pristine Weighted Bow,,1095,,,,1064,,,,,7085,,,,,7467,,,,,,,,,660.4,566,755,508,RARE,Bow
1879477830,Swift Bow of the Adventurer,,,1289,,,1568,,,,3054,,7282,4852,,,,,,,,,,,,695.2,596,794,510,INCOMPARABLE,Bow
1879477787,Swift Bow of the Adventurer,,,1289,,,1568,,,,3054,,,7282,,,5101,,,,,,,,,695.2,596,794,510,INCOMPARABLE,Bow
1879477801,Taut Greatbow of the Adventurer,,1289,,,,1568,,,,3054,,,7282,,,,,,,,,,,,669.4,574,765,510,RARE,Bow
1879477785,Taut Greatbow of the Adventurer,,1289,,,,1568,,,,,,7282,4852,,,,,,,,,,,,669.4,574,765,510,RARE,Bow
1879477223,Weighted Bow,,855,,,,823,,,,,4838,,,,,6796,,,,,,,,,616.9,529,705,501,UNCOMMON,Bow
1879476850,Footman's Bright Buckle,,752,,,,728,,,,,,,,,,,,,,,,,,,,,,505,RARE,Class Item
1879476827,Footman's Chisel of Fire,,,,752,,728,,3571,,,,,,,,,,,,,,,,,,,,505,RARE,Class Item
1879476835,Footman's Chisel of Lightning,,,,752,,728,,,,,4263,,,,,,,,,,,,,,,,,505,RARE,Class Item
1879476860,Footman's Conviction Signal,,,752,,,728,,,,,,,,,,,,,,,,,,,,,,505,RARE,Class Item
1879476832,Footman's Heavy Buckle,,752,,,,728,,,3625,,,,,,,,,,,,,,,,,,,505,RARE,Class Item
1879476852,Footman's Riffler of Restoration,,,,752,,728,,,,,,,,,,,9880,,,,,,,,,,,505,RARE,Class Item
1879476858,Footman's Shield Carving,,,752,,,728,,,,,,,,,,,,,,,,,,,,,,505,RARE,Class Item
1879476856,Footman's Spear Carving,,,752,,,728,,,,,,,,,,,,,,,,,,,,,,505,RARE,Class Item
1879476863,Footman's Standard of Hope,,752,,,,728,,,3625,,,,,,,,,,,,,,,,,,,505,RARE,Class Item
1879476854,Footman's Standard of War,,752,,,,728,,,,,,,,,,,,,,,,,,,,,,505,RARE,Class Item
1879476865,Footman's Stickpin of Bestial Vigour,,,,752,,728,,,,,,,,,,,,,,,,,,,,,,505,RARE,Class Item
1879476836,Footman's Stickpin of Nature's Glory,,,,752,,728,,,,,,,,,,,,,,,,,,,,,,505,RARE,Class Item
1879476848,Footman's Strength Signal,,,752,,,728,,,,,,,,,,,,,,,,,,,,,,505,RARE,Class Item
1879476841,Footman's Tome of Strength,,,752,,,728,,,,,4263,,,,,,,,,,,,,,,,,505,RARE,Class Item
1879476829,Footman's Tome of the Wind-rider,,,752,,,728,,,,,,,,,,,,,,,,,,,,,,505,RARE,Class Item
1879476847,Guardsman's Bright Buckle,,752,,,,728,,,,,,,,,,,,,,,,,,,,,,505,RARE,Class Item
1879476830,Guardsman's Chisel of Fire,,,,752,,728,,3571,,,,,,,,,,,,,,,,,,,,505,RARE,Class Item
1879476834,Guardsman's Chisel of Lightning,,,,752,,728,,,,,4263,,,,,,,,,,,,,,,,,505,RARE,Class Item
1879476857,Guardsman's Conviction Signal,,,752,,,728,,,,,,,,,,,,,,,,,,,,,,505,RARE,Class Item
1879476833,Guardsman's Heavy Buckle,,752,,,,728,,,3625,,,,,,,,,,,,,,,,,,,505,RARE,Class Item
1879476855,Guardsman's Riffler of Restoration,,,,752,,728,,,,,,,,,,,9880,,,,,,,,,,,505,RARE,Class Item
1879476861,Guardsman's Shield Carving,,,752,,,728,,,,,,,,,,,,,,,,,,,,,,505,RARE,Class Item
1879476859,Guardsman's Spear Carving,,,752,,,728,,,,,,,,,,,,,,,,,,,,,,505,RARE,Class Item
1879476862,Guardsman's Standard of Hope,,752,,,,728,,,3625,,,,,,,,,,,,,,,,,,,505,RARE,Class Item
1879476851,Guardsman's Standard of War,,752,,,,728,,,,,,,,,,,,,,,,,,,,,,505,RARE,Class Item
1879476864,Guardsman's Stickpin of Bestial Vigour,,,,752,,728,,,,,,,,,,,,,,,,,,,,,,505,RARE,Class Item
1879476837,Guardsman's Stickpin of Nature's Glory,,,,752,,728,,,,,,,,,,,,,,,,,,,,,,505,RARE,Class Item
1879476853,Guardsman's Strength Signal,,,752,,,728,,,,,,,,,,,,,,,,,,,,,,505,RARE,Class Item
1879476842,Guardsman's Tome of Strength,,,752,,,728,,,,,4263,,,,,,,,,,,,,,,,,505,RARE,Class Item
1879476831,Guardsman's Tome of the Wind-rider,,,752,,,728,,,,,,,,,,,,,,,,,,,,,,505,RARE,Class Item
1879478304,Pristine Umbari Chisel of Fire,,,,,,,,3075,,,1862,,,,,,,,,,,1,1,1,,,,512,RARE,Class Item
1879478272,Pristine Umbari Chisel of Lightning,,,,,270,,,,,,,,4972,,,,,,,,,1,1,1,,,,512,RARE,Class Item
1879478284,Pristine Umbari Conviction Signal,,,,,,,1541,,,,,,4972,,,,,,,,,1,1,1,,,,512,RARE,Class Item
1879478292,Pristine Umbari Etched Fist Carving,,,,,,,1541,,,,,,4972,,,,,,,,,1,1,1,,,,512,RARE,Class Item
1879478290,Pristine Umbari Etched Shield Carving,,,,,,,,,3113,1556,,,,,,,,,,,,1,1,1,,,,512,RARE,Class Item
1879478305,Pristine Umbari Etched Spear Carving,,,,,,,3075,,,,1862,,,,,,,,,,,1,1,1,,,,512,RARE,Class Item
1879478289,Pristine Umbari Guile Signal,,,,,,,,,,,1862,,4972,,,,,,,,,1,1,1,,,,512,RARE,Class Item
1879478298,Pristine Umbari Prized Buckle,,,,,,,3075,,,,1862,,,,,,,,,,,1,1,1,,,,512,RARE,Class Item
1879478295,Pristine Umbari Riffler of Restoration,,,,,270,,,,,,,,,,,,8634,,,,,1,1,1,,,,512,RARE,Class Item
1879478274,Pristine Umbari Shiny Buckle,,,,,,,,,3113,1556,,,,,,,,,,,,1,1,1,,,,512,RARE,Class Item
1879478296,Pristine Umbari Standard of Hope,,,,,,,,,3113,1556,,,,,,,,,,,,1,1,1,,,,512,RARE,Class Item
1879478302,Pristine Umbari Standard of Victory,,,,,270,,,,,,,,,,,,8634,,,,,1,1,1,,,,512,RARE,Class Item
1879478301,Pristine Umbari Standard of War,,,,,,,3075,,,,1862,,,,,,,,,,,1,1,1,,,,512,RARE,Class Item
1879478299,Pristine Umbari Stickpin of Ancient Wisdom,,,,,270,,,,,,,,,,,,8634,,,,,1,1,1,,,,512,RARE,Class Item
1879478273,Pristine Umbari Stickpin of Bestial Strength,,,,,270,,,,,,,,4972,,,,,,,,,1,1,1,,,,512,RARE,Class Item
1879478285,Pristine Umbari Stickpin of Nature's Glory,,,,,,,,3075,,,,,2490,,,,,,,,,1,1,1,,,,512,RARE,Class Item
1879478282,Pristine Umbari Strength Signal,,,,,,,,,,,1862,,4972,,,,,,,,,1,1,1,,,,512,RARE,Class Item
1879478278,Pristine Umbari Tactics Signal,,,,,,,1541,,,,,,4972,,,,,,,,,1,1,1,,,,512,RARE,Class Item
1879478291,Pristine Umbari Tome of Untold Power,,,,,,,3075,,,,1862,,,,,,,,,,,1,1,1,,,,512,RARE,Class Item
1879478303,Pristine Umbari Tome of Whispered Secrets,,,,,,,1541,,,,,,4972,,,,,,,,,1,1,1,,,,512,RARE,Class Item
1879478287,Umbari Chisel of Fire,,,,,,990,,2099,,,1658,,,,,,,,,,,1,,1,,,,503,UNCOMMON,Class Item
1879478288,Umbari Chisel of Lightning,,,,,238,990,,,,,,,3325,,,,,,,,,1,,1,,,,503,UNCOMMON,Class Item
1879478297,Umbari Conviction Signal,,,,,,990,1405,,,,,,3325,,,,,,,,,1,,1,,,,503,UNCOMMON,Class Item
1879478281,Umbari Etched Fist Carving,,,,,,990,1405,,,,,,3325,,,,,,,,,1,,1,,,,503,UNCOMMON,Class Item
1879478266,Umbari Etched Shield Carving,,,,,,990,,,2136,1424,,,,,,,,,,,,1,,1,,,,503,UNCOMMON,Class Item
1879478275,Umbari Etched Spear Carving,,,,,,990,2099,,,,1658,,,,,,,,,,,1,,1,,,,503,UNCOMMON,Class Item
1879478283,Umbari Guile Signal,,,,,,990,,,,,1658,,3325,,,,,,,,,1,,1,,,,503,UNCOMMON,Class Item
1879478267,Umbari Prized Buckle,,,,,,990,2099,,,,1658,,,,,,,,,,,1,,1,,,,503,UNCOMMON,Class Item
1879478271,Umbari Riffler of Restoration,,,,,238,990,,,,,,,,,,,5771,,,,,1,,1,,,,503,UNCOMMON,Class Item
1879478270,Umbari Shiny Buckle,,,,,,990,,,2136,1424,,,,,,,,,,,,1,,1,,,,503,UNCOMMON,Class Item
1879478293,Umbari Standard of Hope,,,,,,990,,,2136,1424,,,,,,,,,,,,1,,1,,,,503,UNCOMMON,Class Item
1879478277,Umbari Standard of Victory,,,,,238,990,,,,,,,,,,,5771,,,,,1,,1,,,,503,UNCOMMON,Class Item
1879478300,Umbari Standard of War,,,,,,990,2099,,,,1658,,,,,,,,,,,1,,1,,,,503,UNCOMMON,Class Item
1879478276,Umbari Stickpin of Ancient Wisdom,,,,,238,990,,,,,,,,,,,5771,,,,,1,,1,,,,503,UNCOMMON,Class Item
1879478286,Umbari Stickpin of Bestial Strength,,,,,238,990,,,,,,,3325,,,,,,,,,1,,1,,,,503,UNCOMMON,Class Item
1879478269,Umbari Stickpin of Nature's Glory,,,,,,990,,2099,,,,,2220,,,,,,,,,1,,1,,,,503,UNCOMMON,Class Item
1879478280,Umbari Strength Signal,,,,,,990,,,,,1658,,3325,,,,,,,,,1,,1,,,,503,UNCOMMON,Class Item
1879478279,Umbari Tactics Signal,,,,,,990,1405,,,,,,3325,,,,,,,,,1,,1,,,,503,UNCOMMON,Class Item
1879478294,Umbari Tome of Untold Power,,,,,,990,2099,,,,1658,,,,,,,,,,,1,,1,,,,503,UNCOMMON,Class Item
1879478268,Umbari Tome of Whispered Secrets,,,,,,990,1405,,,,,,3325,,,,,,,,,1,,1,,,,503,UNCOMMON,Class Item
1879477280,Carved Umbari Empowered Crossbow,,,,,,1005,,2121,,,1681,,,,,,,,,,,1,,1,625.7,536,715,503,UNCOMMON,Crossbow
1879477306,Carved Umbari Light Crossbow,,,,,242,1005,,,,,,,3370,,,,,,,,,1,,1,625.7,536,715,503,UNCOMMON,Crossbow
1879477269,Carved Umbari Reinforced Crossbow,,,,,,1005,,,,,,,2250,3539,,,,,,,,1,,1,625.7,536,715,503,UNCOMMON,Crossbow
1879477286,Carved Umbari Sharp Crossbow,,,,,,1005,2121,,,,1681,,,,,,,,,,,1,,1,625.7,536,715,503,UNCOMMON,Crossbow
1879477279,Expertly Carved Umbari Empowered Crossbow,,,,,,,,3105,,,1884,,,,,,,,,,,1,1,1,678.4,581,775,512,RARE,Crossbow
1879477294,Expertly Carved Umbari Light Crossbow,,,,,273,,,,,,,,5033,,,,,,,,,1,1,1,678.4,581,775,512,RARE,Crossbow
1879477309,Expertly Carved Umbari Reinforced Crossbow,,,,,,,,,,,,,2520,5290,,,,,,,,1,1,1,678.4,581,775,512,RARE,Crossbow
1879477284,Expertly Carved Umbari Sharp Crossbow,,,,,,,3105,,,,1884,,,,,,,,,,,1,1,1,678.4,581,775,512,RARE,Crossbow
1879477289,Expertly Forged Umbari Empowered Dagger,,,,,,,,3105,,,1884,,,,,,,,,,,1,1,1,484.6,415,554,512,RARE,Dagger
1879477310,Expertly Forged Umbari Light Dagger,,,,,273,,,,,,,,5033,,,,,,,,,1,1,1,484.6,415,554,512,RARE,Dagger
1879477273,Expertly Forged Umbari Reinforced Dagger,,,,,,,,,3142,,,,2520,,,,,,,,,1,1,1,484.6,415,554,512,RARE,Dagger
1879477301,Expertly Forged Umbari Sharp Dagger,,,,,,,3105,,,,1884,,,,,,,,,,,1,1,1,484.6,415,554,512,RARE,Dagger
1879477315,Forged Umbari Empowered Dagger,,,,,,1005,,2121,,,1681,,,,,,,,,,,1,,1,446.9,383,511,503,UNCOMMON,Dagger
1879477316,Forged Umbari Light Dagger,,,,,242,1005,,,,,,,3370,,,,,,,,,1,,1,446.9,383,511,503,UNCOMMON,Dagger
1879477319,Forged Umbari Reinforced Dagger,,,,,,1005,,,2158,,,,2250,,,,,,,,,1,,1,446.9,383,511,503,UNCOMMON,Dagger
1879477312,Forged Umbari Sharp Dagger,,,,,,1005,2121,,,,1681,,,,,,,,,,,1,,1,446.9,383,511,503,UNCOMMON,Dagger
1879477821,Keen Skean of the Adventurer,,1289,,,,1568,,,4573,,,,4852,,,,,,,,,,,,478.2,410,546,510,RARE,Dagger
1879477812,Keen Skean of the Adventurer,,1289,,,,1568,,,,,5450,,,,,5101,,,,,,,,,478.2,410,546,510,RARE,Dagger
1879477824,Keen Stiletto of the Adventurer,,,1289,,,1568,4517,,3054,,,,,,,,,,,,,,,,478.2,410,546,510,RARE,Dagger
1879477804,Keen Stiletto of the Adventurer,,,1289,,,1568,,,4573,,,,4852,,,,,,,,,,,,478.2,410,546,510,RARE,Dagger
1879477244,Pristine Keen Dagger,,,1081,,,1049,5837,,,,,,,,,7371,,,,,,,,,468.5,402,535,507,RARE,Dagger
1879477235,Pristine Weighted Dagger,,1081,,,,1049,,,,,6994,,,,,7371,,,,,,,,,468.5,402,535,507,RARE,Dagger
1879477234,Pristine Wilful Dagger,,,,1081,,1049,,,,,6994,,,,,,,,9449,,,,,,468.5,402,535,507,RARE,Dagger
1879477815,Sharp Skean of the Adventurer,,1289,,,,1568,3014,,,,5450,,,,,5101,,,,,,,,,496.6,426,567,510,INCOMPARABLE,Dagger
1879477788,Sharp Skean of the Adventurer,,1289,,,,1568,3014,,,4573,,,,,5101,,,,,,,,,,496.6,426,567,510,INCOMPARABLE,Dagger
1879477793,Sharp Stiletto of the Adventurer,,,1289,,,1568,3014,,,,5450,,,,,5101,,,,,,,,,496.6,426,567,510,INCOMPARABLE,Dagger
1879477789,Sharp Stiletto of the Adventurer,,,1289,,,1568,3014,,,4573,,,,,5101,,,,,,,,,,496.6,426,567,510,INCOMPARABLE,Dagger
1879476361,Expertly Handmade Earring of Sailor's Worry,,,,,,,,,,,3724,,2490,,,,,,,,,1,1,1,,,,512,RARE,Earring
1879476368,Expertly Handmade Earring of Tidal Fear,,,,,,,,,,,3724,,2490,,,,,,,,,1,1,1,,,,512,RARE,Earring
1879476364,Expertly Handmade Gem-encrusted Shell Earring,,,,,,,,,,,,,,5227,,2617,,,,,,1,1,1,,,,512,RARE,Earring
1879476359,Expertly Handmade Lucky Shell Earring,,,,,,,,,,,,,,,,2617,,,6707,,,1,1,1,,,,512,RARE,Earring
1879476755,Footman's Fierce Earring of the Moors,,,,,,728,,4289,,,2559,,2280,,,,,,,,,,,,,,,505,RARE,Earring
1879476762,Footman's Lustrous Earring of the Moors,,,,,368,728,,,,,,,6831,,,,,,3073,,,,,,,,,505,RARE,Earring
1879476768,Footman's Reinforced Earring of the Moors,,,,,,728,,,2180,4351,,2280,,,,,,,,,,,,,,,,505,RARE,Earring
1879476754,Footman's Spirited Earring of the Moors,,,,,,728,,,,,2559,,,,,,11876,,3073,,,,,,,,,505,RARE,Earring
1879476737,Footman's Strong Earring of the Moors,,,,,,728,4289,,,,2559,,2280,,,,,,,,,,,,,,,505,RARE,Earring
1879475735,Glowing Water Lurker Earring,,,,,,1588,,,,,5518,,,,,,,,,,,1,,1,,,,511,RARE,Earring
1879476760,Guardsman's Fierce Earring of the Moors,,,,,,728,,4289,,,2559,,,,,,,,,,,,,,,,,505,RARE,Earring
1879476757,Guardsman's Lustrous Earring of the Moors,,,,,368,728,,,,,,,6831,,,,,,,,,,,,,,,505,RARE,Earring
1879476763,Guardsman's Reinforced Earring of the Moors,,,,,,728,,,2180,4351,,,,,,,,,,,,,,,,,,505,RARE,Earring
1879476751,Guardsman's Spirited Earring of the Moors,,,,,,728,,,,,2559,,,,,,11876,,,,,,,,,,,505,RARE,Earring
1879476740,Guardsman's Strong Earring of the Moors,,,,,,728,4289,,,,2559,,,,,,,,,,,,,,,,,505,RARE,Earring
1879476375,Handmade Earring of Sailor's Worry,,,,,,990,,,,,2492,,2220,,,,,,,,,1,,1,,,,503,UNCOMMON,Earring
1879476354,Handmade Earring of Tidal Fear,,,,,,990,,,,,2492,,2220,,,,,,,,,1,,1,,,,503,UNCOMMON,Earring
1879476374,Handmade Gem-encrusted Shell Earring,,,,,,990,,,,,,,,3492,,2334,,,,,,1,,1,,,,503,UNCOMMON,Earring
1879476371,Handmade Lucky Shell Earring,,,,,,990,,,,,,,,,,2334,,,4483,,,1,,1,,,,503,UNCOMMON,Earring
1879477732,Lapis Silver Ear Cuff of the Adventurer,,,,1289,,1568,,,,,3633,,,,,,12651,,,,,,,,,,,510,RARE,Earring
1879477726,Lapis Silver Ear Cuff of the Adventurer,,,,1289,,1568,,,,3054,,,7282,,,,,,,,,,,,,,,510,RARE,Earring
1879477748,Moonstone Gold Earring of the Adventurer,,,1289,,,1568,,,,,,,,,,5101,,,9817,,,,,,,,,510,RARE,Earring
1879477733,Moonstone Gold Earring of the Adventurer,,,1289,,,1568,4517,,,,,,,,5101,,,,,,,,,,,,,510,RARE,Earring
1879477742,Moonstone Gold Stud of the Adventurer,,1289,,,,1568,4517,,,,,,,,5101,,,,,,,,,,,,,510,RARE,Earring
1879477719,Moonstone Gold Stud of the Adventurer,,1289,,,,1568,,,,,,,,,,5101,,,9817,,,,,,,,,510,RARE,Earring
1879475727,Mysterious Tidal Creature Earring,,,,,,1505,,,,4440,,,,,,,,,,,,1,,1,,,,507,RARE,Earring
1879477712,Refined Lapis Silver Ear Cuff of the Adventurer,,,,1289,,1568,,3014,,3054,,,7282,,,,,,,,,,,,,,,510,INCOMPARABLE,Earring
1879477660,Refined Lapis Silver Ear Cuff of the Adventurer,,,,1289,,1568,,,,,3633,,4852,,,,12651,,,,,,,,,,,510,INCOMPARABLE,Earring
1879477749,Refined Moonstone Gold Earring of the Adventurer,,,1289,,,1568,,,,,,,,,,5101,,,9817,,,,,1,,,,510,INCOMPARABLE,Earring
1879477661,Refined Moonstone Gold Earring of the Adventurer,,,1289,,,1568,4517,,,,,,,,5101,,,,,,,,,1,,,,510,INCOMPARABLE,Earring
1879477678,Refined Moonstone Gold Stud of the Adventurer,,1289,,,,1568,4517,,,,,,,,5101,,,,,,,,,1,,,,510,INCOMPARABLE,Earring
1879477668,Refined Moonstone Gold Stud of the Adventurer,,1289,,,,1568,,,,,,,,,,5101,,,9817,,,,,1,,,,510,INCOMPARABLE,Earring
1879477722,Refined Topaz Gold Ear Cuff of the Adventurer,,,,1289,,1568,,4517,,,,,,,5101,,,,,,,,,1,,,,510,INCOMPARABLE,Earring
1879477655,Refined Topaz Gold Ear Cuff of the Adventurer,,,,1289,,1568,,,,,,,7282,,,5101,,,,,,,,1,,,,510,INCOMPARABLE,Earring
1879477750,Refined Tourmaline Silver Earring of the Adventurer,,,1289,,,1568,,,,3054,,7282,4852,,,,,,,,,,,,,,,510,INCOMPARABLE,Earring
1879477663,Refined Tourmaline Silver Earring of the Adventurer,,,1289,,,1568,,,,3054,,,7282,,,5101,,,,,,,,,,,,510,INCOMPARABLE,Earring
1879477673,Refined Tourmaline Silver Stud of the Adventurer,,1289,,,,1568,,,,3054,,,7282,,,5101,,,,,,,,,,,,510,INCOMPARABLE,Earring
1879477671,Refined Tourmaline Silver Stud of the Adventurer,,1289,,,,1568,,,,3054,,7282,4852,,,,,,,,,,,,,,,510,INCOMPARABLE,Earring
1879477743,Topaz Gold Ear Cuff of the Adventurer,,,,1289,,1568,,,,,,,7282,,,5101,,,,,,,,,,,,510,RARE,Earring
1879477736,Topaz Gold Ear Cuff of the Adventurer,,,,1289,,1568,,4517,,,,,,,5101,,,,,,,,,,,,,510,RARE,Earring
1879477737,Tourmaline Silver Earring of the Adventurer,,,1289,,,1568,,,,3054,,,7282,,,,,,,,,,,,,,,510,RARE,Earring
1879477731,Tourmaline Silver Earring of the Adventurer,,,1289,,,1568,,,,,,7282,4852,,,,,,,,,,,,,,,510,RARE,Earring
1879477738,Tourmaline Silver Stud of the Adventurer,,1289,,,,1568,,,,3054,,,7282,,,,,,,,,,,,,,,510,RARE,Earring
1879477708,Tourmaline Silver Stud of the Adventurer,,1289,,,,1568,,,,,,7282,4852,,,,,,,,,,,,,,,510,RARE,Earring
1879477426,Umbari Guild Earrings of Bright Sea Star,,,,,,,,3838,,,4658,,,,,,,,,,,1,1,1,,,,512,INCOMPARABLE,Earring
1879477438,Umbari Guild Earrings of the Forceful Sea Star,,,,,,,3838,,,,4658,,,,,,,,,,,1,1,1,,,,512,INCOMPARABLE,Earring
1879477432,Umbari Guild Earrings of the Invigorating Depths,,,,,270,,,,,,3724,,2490,,,,4307,,,,,1,1,1,,,,512,INCOMPARABLE,Earring
1879477436,Umbari Guild Earrings of the Shielded Shell,,,,,,,,,3113,2334,,,,,,,,3731,,,,1,1,1,,,,512,INCOMPARABLE,Earring
1879475739,Water Lurker Earring,,440,440,440,477,848,,,3551,,,,,,,,,,,,,,,,,,,503,UNCOMMON,Earring
1879476220,Bolstered Iron Hauberk of Umbar,15438,1321,,,,1609,,,,3883,,,,,,,,6214,,,,,,,,,,512,RARE,Heavy Chest
1879477863,Chestplate of the Adventurer,15148,1289,,,,1568,,,,3054,,,7282,,,,,,,,,,,,,,,510,RARE,Heavy Chest
1879444227,Enduring Chestplate of Remembered Rivals,15438,1321,,,,1609,,,,2334,,,,,,,,3731,,,,,,1,,,,512,RARE,Heavy Chest
1879477896,Enduring Chestplate of the Adventurer,15148,1289,,,,1568,,,,4573,,4852,,,,,,,,,,,,,,,,510,RARE,Heavy Chest
1879476194,Engraved Iron Hauberk of Umbar,15438,1321,,,,1609,,,,,5586,,,,,,8634,,,,,,,,,,,512,RARE,Heavy Chest
1879476426,Footman's Keen Breastplate of the Moors,14424,,,,,728,4289,,,,2559,,,,,,,,,,,,,,,,,505,RARE,Heavy Chest
1879476403,Footman's Reinforced Breastplate of the Moors,14424,,,,,728,,,3625,2907,,,,,,,,,3073,,,,,,,,,505,RARE,Heavy Chest
1879475603,Forged Plated Hauberk,13410,,,,,848,2801,,,,,,,,,2334,,,,,,1,,1,,,,503,UNCOMMON,Heavy Chest
1879476671,Guardsman's Keen Breastplate of the Moors,15148,,,,,780,4517,,,,2729,,,,,,,,,,,,,,,,,510,RARE,Heavy Chest
1879476658,Guardsman's Reinforced Breastplate of the Moors,15148,,,,,780,,,3809,3054,,,,,,,,,,,,,,,,,,510,RARE,Heavy Chest
1879476179,Polished Iron Hauberk of Umbar,15438,1321,,,,1609,,,,,9309,,,,,,,,,,,,,,,,,512,RARE,Heavy Chest
1879475655,Reinforced Chain Hauberk,13957,928,,,,899,,,,,5246,,,,,7371,,,,,,,,,,,,507,UNCOMMON,Heavy Chest
1879477909,Reinforced Chestplate of the Adventurer,16030,1289,,,,1568,,,,3054,,,7282,,,,,,,,,,,1,,,,510,INCOMPARABLE,Heavy Chest
1879477861,Reinforced Enduring Chestplate of the Adventurer,16030,1289,,,,1568,,,,4573,,4852,,,,,,,,,,,,1,,,,510,INCOMPARABLE,Heavy Chest
1879475669,Reinforced Iron Hauberk,15438,,,,,,2304,,,,,,,,,3918,,,,,,1,1,1,,,,512,RARE,Heavy Chest
1879444261,Valiant Chestplate of Remembered Rivals,15438,1321,,,,1447,3075,,,,2797,,,,,,,,,,,,,1,,,,512,RARE,Heavy Chest
1879476183,Bolstered Iron Boots of the Eagle,6167,1321,,,,1609,,,,3883,,,6214,,,,,,,,,,,,,,,512,RARE,Heavy Feet
1879444234,Enduring Sabatons of Remembered Rivals,6284,1352,,,,1485,,,,,,,,,,,,5093,5154,,,,,1,,,,514,RARE,Heavy Feet
1879477940,Enduring Sabatons of the Adventurer,6051,1289,,,,1568,,,,,,,7282,,,,,,,,,,,1,,,,510,RARE,Heavy Feet
1879476187,Engraved Iron Boots of the Eagle,6167,1321,,,540,1609,,,,,,,7462,,,,,,,,,,,,,,,512,RARE,Heavy Feet
1879476421,Footman's Keen Sabatons of the Moors,5760,,,,245,728,4289,,,,2559,,,,,,,,,,,,,,,,,505,RARE,Heavy Feet
1879476419,Footman's Reinforced Sabatons of the Moors,5760,,,,245,728,,,3625,2907,,,,,,,,,,,,,,,,,,505,RARE,Heavy Feet
1879475628,Forged Plated Boots,5334,,,,,848,,,,,1658,,,,4659,,,,,,,1,,1,,,,503,UNCOMMON,Heavy Feet
1879477622,Forged Umbari Forceful Guild Boots,6514,,,,,,4609,,,,3724,,,,,,,,,,,1,1,1,,,,512,INCOMPARABLE,Heavy Feet
1879477603,Forged Umbari Invigorating Guild Boots,6514,,,,,,,,,,4658,,,,,,6466,,,,,1,1,1,,,,512,INCOMPARABLE,Heavy Feet
1879477594,Forged Umbari Reinforced Guild Boots,6514,,,,,,,,3113,2334,,,,3918,,,,,,,,1,1,1,,,,512,INCOMPARABLE,Heavy Feet
1879476683,Guardsman's Keen Sabatons of the Moors,6051,,,,,780,4517,,,,2729,,,,,,,,,,,,,,,,,510,RARE,Heavy Feet
1879476701,Guardsman's Reinforced Sabatons of the Moors,6051,,,,,780,,,3809,3054,,,,,,,,,,,,,,,,,,510,RARE,Heavy Feet
1879476192,Polished Iron Boots of the Eagle,6167,1321,,,405,1609,,,,,,,8704,,,,,,,,,,,,,,,512,RARE,Heavy Feet
1879475604,Reinforced Chain Boots,5609,940,,,,912,4426,,4484,,,,,,,,,,,,,,,,,,,508,UNCOMMON,Heavy Feet
1879477901,Reinforced Enduring Sabatons of the Adventurer,6392,1289,,,,1568,,,,,,,7282,,,,,,,,,,,2,,,,510,INCOMPARABLE,Heavy Feet
1879475652,Reinforced Iron Boots,6167,,,,,,,,,,2797,,,,3918,,,,,,,1,1,1,,,,512,RARE,Heavy Feet
1879477857,Reinforced Sabatons of the Adventurer,6392,1289,,,,1568,,,,,5450,,,,,,,,,,,,,2,,,,510,INCOMPARABLE,Heavy Feet
1879477894,Sabatons of the Adventurer,6051,1289,,,,1568,,,,,5450,,,,,,,,,,,,,1,,,,510,RARE,Heavy Feet
1879475631,Salvaged Iron Boots,5224,855,,,,823,4106,,4174,,,,,,,,,,,,,,,,,,,501,UNCOMMON,Heavy Feet
1879444241,Valiant Sabatons of Remembered Rivals,6284,1352,,,,1485,2350,,,,3814,,,,,,,,,,,,,1,,,,514,RARE,Heavy Feet
1879476197,Bolstered Iron Gauntlets of Umbar,7549,1321,,,,1609,,,,,,,7462,,5227,,,,,,,,,,,,,512,RARE,Heavy Gloves
1879444248,Enduring Gauntlets of Remembered Rivals,7549,1321,,,,1447,,,,3113,,,3731,,,,,,,,,,,1,,,,512,RARE,Heavy Gloves
1879477874,Enduring Gauntlets of the Adventurer,7406,1289,,,,1568,,,,,,,4852,,7659,,,,,,,,,,,,,510,RARE,Heavy Gloves
1879476193,Engraved Iron Gauntlets of Umbar,7549,1321,,,405,1609,,5379,,,,,,,,,,,,,,,,,,,,512,RARE,Heavy Gloves
1879476410,Footman's Keen Gauntlets of the Moors,7048,,,,245,728,4289,,,,2559,,,,,,,,,,,,,,,,,505,RARE,Heavy Gloves
1879476424,Footman's Reinforced Gauntlets of the Moors,7048,,,,,728,,,3625,2907,,,,,,,,2280,,,,,,,,,,505,RARE,Heavy Gloves
1879475622,Forged Plated Gauntlets,6428,,,,,848,,,1424,,3316,,,,,,,,,,,1,,1,,,,503,UNCOMMON,Heavy Gloves
1879477609,Forged Umbari Forceful Guild Gauntlets,8060,,,,,,3075,,,,1862,,4972,,,,,,,,,1,1,1,,,,512,INCOMPARABLE,Heavy Gloves
1879477595,Forged Umbari Invigorating Guild Gauntlets,8060,,,,,,,,,,2797,,3731,,,,4307,,,,,1,1,1,,,,512,INCOMPARABLE,Heavy Gloves
1879477602,Forged Umbari Reinforced Guild Gauntlets,8060,,,,,,,,,,,,,3918,5227,,,3731,,,,1,1,1,,,,512,INCOMPARABLE,Heavy Gloves
1879477911,Gauntlets of the Adventurer,7406,1289,,,,1568,,,,,3633,,,,,7659,,,,,,,,,,,,510,RARE,Heavy Gloves
1879476713,Guardsman's Keen Gauntlets of the Moors,7406,,,,,780,4517,,,,2729,,,,,,,,,,,,,,,,,510,RARE,Heavy Gloves
1879476695,Guardsman's Reinforced Gauntlets of the Moors,7406,,,,,780,,,3809,3054,,,,,,,,,,,,,,,,,,510,RARE,Heavy Gloves
1879476216,Polished Iron Gauntlets of Umbar,7549,1321,,,,1609,3838,,,,,,6214,,,,,,,,,,,,,,,512,RARE,Heavy Gloves
1879475611,Reinforced Chain Gauntlets,6893,964,,,,937,4517,,,,,,,,7659,,,,,,,,,,,,,510,UNCOMMON,Heavy Gloves
1879477900,Reinforced Enduring Gauntlets of the Adventurer,7907,1289,,,,1568,,,,,,,4852,,7659,,,,,,,,,1,,,,510,INCOMPARABLE,Heavy Gloves
1879477914,Reinforced Gauntlets of the Adventurer,2248,310,,,,381,,,,,876,,,,,1828,,,,,,,,1,,,,380,INCOMPARABLE,Heavy Gloves
1879475623,Reinforced Iron Gauntlets,7549,,,,,,,,1556,,3724,,,,,,,,,,,1,1,1,,,,512,RARE,Heavy Gloves
1879475671,Salvaged Iron Gauntlets,6495,891,,,,861,4243,,,,,,,,7084,,,,,,,,,,,,,504,UNCOMMON,Heavy Gloves
1879444258,Valiant Gauntlets of Remembered Rivals,7549,1321,,,,1447,3075,,,,,,3731,,,,,,,,,,,1,,,,512,RARE,Heavy Gloves
1879477604,Adept Master-crafted Helmet,5026,,,,,342,,,,,,,,,,,,,,,,1,,4,,,,517,INCOMPARABLE,Heavy Head
1879476175,Bolstered Iron Helm of the Eagle,4454,1321,,,,1609,,,,,,,12488,,,,,,,,,,,,,,,512,RARE,Heavy Head
1879477630,Durable Master-crafted Helmet,4328,,,,,308,,,,,,,,,,,,,,,,1,1,1,,,,509,RARE,Heavy Head
1879444236,Enduring Helm of Remembered Rivals,4454,1321,,,,1609,,,,,,,,,3918,,,3731,,,,,,1,,,,512,RARE,Heavy Head
1879477920,Enduring Helm of the Adventurer,4370,1289,,,,1568,,,3054,,,,,,,,12651,,,,,,,,,,,510,RARE,Heavy Head
1879477623,Enduring Master-crafted Helmet,4496,,,,,325,,,,,,,,,,,,,,,,1,1,2,,,,513,RARE,Heavy Head
1879476195,Engraved Iron Helm of the Eagle,4454,1321,,,,1609,,,,,4658,,6214,,,,,,,,,,,,,,,512,RARE,Heavy Head
1879476423,Footman's Keen Helm of the Moors,4160,,,,,728,4289,,,,2559,,,,,,,,,,,,,,,,,505,RARE,Heavy Head
1879476431,Footman's Reinforced Helm of the Moors,4160,,,,,728,,,3625,2907,,,,,,,,,,,,,,,,,,505,RARE,Heavy Head
1879475684,Forged Plated Helm,3456,,,,,848,2099,,,2136,,,,,,,,,,,,1,,1,,,,503,UNCOMMON,Heavy Head
1879477588,Fortifying Master-crafted Helmet,5026,,,,,342,,,,,,,,,,,,,,,,1,1,3,,,,517,INCOMPARABLE,Heavy Head
1879476654,Guardsman's Keen Helm of the Moors,4370,,,,,780,4517,,,,2729,,,,,,,,,,,,,,,,,510,RARE,Heavy Head
1879476686,Guardsman's Reinforced Helm of the Moors,4370,,,,,780,,,3809,3054,,,,,,,,,,,,,,,,,,510,RARE,Heavy Head
1879477869,Helm of the Adventurer,4370,1289,,,,1568,4517,,,,,,4852,,,,,,,,,,,,,,,510,RARE,Heavy Head
1879477616,Master-crafted Helmet,3527,,,,,291,,,,,,,,,,,,,,,,1,,1,,,,505,UNCOMMON,Heavy Head
1879476182,Polished Iron Helm of the Eagle,4454,1321,,,,1609,4609,,,,,,4972,,,,,,,,,,,,,,,512,RARE,Heavy Head
1879475627,Reinforced Chain Helm,3740,977,,,,949,,,4617,,5518,,,,,,,,,,,,,,,,,511,UNCOMMON,Heavy Head
1879477895,Reinforced Enduring Helm of the Adventurer,4711,1289,,,,1568,,,3054,,,,,,,,12651,,,,,,,1,,,,510,INCOMPARABLE,Heavy Head
1879477918,Reinforced Helm of the Adventurer,4711,1289,,,,1568,4517,,,,,,4852,,,,,,,,,,,1,,,,510,INCOMPARABLE,Heavy Head
1879475584,Reinforced Iron Helm,4454,,,,,,3075,,,1556,,,,,,,,,,,,1,1,1,,,,512,RARE,Heavy Head
1879475653,Salvaged Iron Helm,3527,903,,,,874,,,4351,,5110,,,,,,,,,,,,,,,,,505,UNCOMMON,Heavy Head
1879477631,Skilled Master-crafted Helmet,4496,,,,,325,,,,,,,,,,,,,,,,1,,3,,,,513,RARE,Heavy Head
1879444239,Valiant Helm of Remembered Rivals,4454,1321,,,,1609,2304,,,,2797,,,,,,,,,,,,,1,,,,512,RARE,Heavy Head
1879477592,Versatile Master-crafted Helmet,4328,,,,,308,,,,,,,,,,,,,,,,1,,2,,,,509,RARE,Heavy Head
1879476201,Bolstered Iron Greaves of Umbar,12869,1321,,,,1609,,,,,,,,,,,,6214,8394,,,,,,,,,512,RARE,Heavy Legs
1879444225,Enduring Greaves of Remembered Rivals,13114,1352,,,,1485,,,,,,,5093,,4013,,,,,,,,,1,,,,514,RARE,Heavy Legs
1879477907,Enduring Greaves of the Adventurer,12624,1289,,,,1568,,,4573,,,,,,,,,,,,,,,1,,,,510,RARE,Heavy Legs
1879476221,Engraved Iron Greaves of Umbar,12869,1321,,,,1609,,,,,4658,,,,,,10790,,,,,,,,,,,512,RARE,Heavy Legs
1879476407,Footman's Keen Greaves of the Moors,12012,,,,,728,4289,,,,2559,,2280,,,,,,,,,,,,,,,505,RARE,Heavy Legs
1879476432,Footman's Reinforced Greaves of the Moors,12012,,,,,728,,,3625,2907,,,2280,,,,,,,,,,,,,,,505,RARE,Heavy Legs
1879475593,Forged Plated Greaves,11148,,,,,848,2801,,1424,,,,,,,,,,,,,1,,1,,,,503,UNCOMMON,Heavy Legs
1879477930,Greaves of the Adventurer,12624,1289,,,,1568,,,,,,,7282,,,,,,,,,,,1,,,,510,RARE,Heavy Legs
1879476629,Guardsman's Keen Greaves of the Moors,12624,,,,,780,4517,,,,2729,,,,,,,,,,,,,,,,,510,RARE,Heavy Legs
1879476685,Guardsman's Reinforced Greaves of the Moors,12624,,,,,780,,,3809,3054,,,,,,,,,,,,,,,,,,510,RARE,Heavy Legs
1879476198,Polished Iron Greaves of Umbar,12869,1321,,,405,1609,5379,,,,,,,,,,,,,,,,,,,,,512,RARE,Heavy Legs
1879475618,Reinforced Chain Greaves,11846,952,,,,924,,,4529,,,,7192,,,,,,,,,,,,,,,509,UNCOMMON,Heavy Legs
1879477924,Reinforced Enduring Greaves of the Adventurer,13285,1289,,,,1568,,,4573,,,,,,,,,,,,,,,2,,,,510,INCOMPARABLE,Heavy Legs
1879477887,Reinforced Greaves of the Adventurer,13285,1289,,,,1568,,,,,,,7282,,,,,,,,,,,2,,,,510,INCOMPARABLE,Heavy Legs
1879475610,Reinforced Iron Greaves,12869,,,,,,3075,,1556,,,,,,,,,,,,,1,1,1,,,,512,RARE,Heavy Legs
1879475662,Salvaged Iron Greaves,11032,867,,,,836,,,4219,,,,6560,,,,,,,,,,,,,,,502,UNCOMMON,Heavy Legs
1879444263,Valiant Greaves of Remembered Rivals,13114,1352,,,,1485,,,,,3814,,,,,,6620,,,,,,,1,,,,514,RARE,Heavy Legs
1879478089,Expertly Forged Broad Umbari Targe,14989,,,,,,,,3113,,,,,2617,,,,,,,,1,1,1,,,,512,RARE,Heavy Shield
1879478097,Expertly Forged Stout Umbari Targe,14989,,,,,,3075,,,,,,,2617,,,,,,,,1,1,1,,,,512,RARE,Heavy Shield
1879478103,Forged Broad Umbari Targe,12891,,,,,990,,,2136,,,,,2334,,,,,,,,1,,1,,,,503,UNCOMMON,Heavy Shield
1879478090,Forged Stout Umbari Targe,12891,,,,,990,2099,,,,,,,2334,,,,,,,,1,,1,,,,503,UNCOMMON,Heavy Shield
1879478084,Pristine Broad Umbari Targe,13544,940,,,,1064,,,4484,,,,,6212,,,,,,,,,,,,,,508,UNCOMMON,Heavy Shield
1879478088,Pristine Stout Umbari Targe,13544,940,,,,1064,4426,,,,,,,6212,,,,,,,,,,,,,,508,UNCOMMON,Heavy Shield
1879477648,Reinforced Wall Shield of the Adventurer,17473,1123,,321,,1568,,,,3809,,,,19408,,,,,,,,,,,,,,510,INCOMPARABLE,Heavy Shield
1879477646,Reinforced Wall Shield of the Adventurer,17473,1289,,,,1409,4517,,,,4545,,,9704,,,,,,,,,,,,,,510,INCOMPARABLE,Heavy Shield
1879478082,Stout Umbari Targe,12761,867,,,,975,4151,,,,,,,5738,,,,,,,,,,,,,,502,UNCOMMON,Heavy Shield
1879477644,Wall Shield of the Adventurer,14708,1289,,,,1409,3014,,,,2729,,,9704,,,,,,,,,,,,,,510,RARE,Heavy Shield
1879477637,Wall Shield of the Adventurer,14708,1123,,,,1568,,,,2290,,,,19408,,,,,,,,,,,,,,510,RARE,Heavy Shield
1879476170,Bolstered Iron Pauldrons of the Eagle,4454,1321,,,540,1609,,,,4661,,,,,,,,,,,,,,,,,,512,RARE,Heavy Shoulders
1879444240,Enduring Pauldrons of Remembered Rivals,4454,1321,,,,1609,,,,,,,3731,,3918,,,,,,,,,1,,,,512,RARE,Heavy Shoulders
1879477886,Enduring Pauldrons of the Adventurer,4370,1289,,,,1568,,,,,,,4852,,,,,,9817,,,,,,,,,510,RARE,Heavy Shoulders
1879476208,Engraved Iron Pauldrons of the Eagle,4454,1321,,,,1609,,,,4661,,,,,5227,,,,,,,,,,,,,512,RARE,Heavy Shoulders
1879476413,Footman's Keen Pauldrons of the Moors,4160,,,,,728,4289,,,,2559,,2280,,,,,,,,,,,,,,,505,RARE,Heavy Shoulders
1879476406,Footman's Reinforced Pauldrons of the Moors,4160,,,,,728,,,3625,2907,,,,,,2397,,,,,,,,,,,,505,RARE,Heavy Shoulders
1879475702,Forged Plated Pauldrons,3456,,,,,848,,,2136,,,,3325,,,,,,,,,1,,1,,,,503,UNCOMMON,Heavy Shoulders
1879476719,Guardsman's Keen Pauldrons of the Moors,4370,,,,,780,4517,,,,2729,,,,,,,,,,,,,,,,,510,RARE,Heavy Shoulders
1879476682,Guardsman's Reinforced Pauldrons of the Moors,4370,,,,,780,,,3809,3054,,,,,,,,,,,,,,,,,,510,RARE,Heavy Shoulders
1879477884,Pauldrons of the Adventurer,4370,1289,,,,1568,4517,,,,,,,,,5101,,,,,,,,,,,,510,RARE,Heavy Shoulders
1879476213,Polished Iron Pauldrons of the Eagle,4454,1321,,,,1609,,,,,4658,,6214,,,,,,,,,,,,,,,512,RARE,Heavy Shoulders
1879475667,Reinforced Chain Pauldrons,3669,952,,,,924,4471,,,,,,,7563,,,,,,,,,,,,,,509,UNCOMMON,Heavy Shoulders
1879477927,Reinforced Enduring Pauldrons of the Adventurer,4711,1289,,,,1568,,,,,,,4852,,,,,,9817,,,,,1,,,,510,INCOMPARABLE,Heavy Shoulders
1879475617,Reinforced Iron Pauldrons,4454,,,,,,,,3113,,,,2490,,,,,,,,,1,1,1,,,,512,RARE,Heavy Shoulders
1879477925,Reinforced Pauldrons of the Adventurer,4711,1289,,,,1568,4517,,,,,,,,,5101,,,,,,,,1,,,,510,INCOMPARABLE,Heavy Shoulders
1879475608,Salvaged Iron Pauldrons,3385,855,,,,823,4106,,,,,,,6796,,,,,,,,,,,,,,501,UNCOMMON,Heavy Shoulders
1879444255,Valiant Pauldrons of Remembered Rivals,4454,1321,,,,1609,2304,,,,,,3731,,,,,,,,,,,1,,,,512,RARE,Heavy Shoulders
1879478519,Enduring Umbari Feast,,,,,,,,,,,,,4972,,,,,,,,216551,1,1,1,,,,512,RARE,Instrument
1879476823,Footman's Brash Flute of the Moors,,,,,245,728,2862,,,,,,,,,,,,,,,,,,,,,505,RARE,Instrument
1879476828,Footman's Brash Lute of the Moors,,,,,,728,,,,,,,,,,,,,,,19698,,,,,,,505,RARE,Instrument
1879476849,Footman's Vibrant Flute of the Moors,,,,,736,728,,,,,,,4551,,,,,,,,,,,,,,,505,RARE,Instrument
1879476845,Footman's Vibrant Lute of the Moors,,,,,,728,,,,,,,,,,,,,,,590041,,,,,,,505,RARE,Instrument
1879476825,Guardsman's Brash Flute of the Moors,,,,,263,780,3014,,,,,,,,,,,,,,,,,,,,,510,RARE,Instrument
1879476826,Guardsman's Brash Lute of the Moors,,,,,,780,,,,,,,,,,,,,,,210959,,,,,,,510,RARE,Instrument
1879476846,Guardsman's Vibrant Flute of the Moors,,,,,789,780,,,,,,,4852,,,,,,,,,,,,,,,510,RARE,Instrument
1879476844,Guardsman's Vibrant Lute of the Moors,,,,,,780,,,,,,,,,,,,,,,632082,,,,,,,510,RARE,Instrument
1879478517,Pristine Umbari Flute of Fiery Tunes,,,,,,,3075,,,,1862,,,,,,,,,,,1,1,1,,,,512,RARE,Instrument
1879478515,Pristine Umbari Theorbo of Fiery Chords,,,,,,,,3075,,,,,,,,,,,,,216551,1,1,1,,,,512,RARE,Instrument
1879478514,Pristine Umbari Theorbo of Precise Melodies,,,,,,,,,,,,,4972,,,,,,,,216551,1,1,1,,,,512,RARE,Instrument
1879478511,Pristine Umbari Theorbo of Restful Songs,,,,,,,,3075,,,,,,,,,,,,,216551,1,1,1,,,,512,RARE,Instrument
1879478516,Umbari Flute of Fiery Tunes,,,,,,990,2801,,,,1658,,,,,,,,,,,1,,1,,,,503,UNCOMMON,Instrument
1879478518,Umbari Flute of Precise Shanties,,,,,,990,,,,,,,4431,,,,,,,,191388,1,,1,,,,503,UNCOMMON,Instrument
1879478510,Umbari Theorbo of Fiery Chords,,,,,,990,,2801,,,,,,,,,,,,,191388,1,,1,,,,503,UNCOMMON,Instrument
1879478512,Umbari Theorbo of Precise Melodies,,,,,,990,,,,,,,4431,,,,,,,,191388,1,,1,,,,503,UNCOMMON,Instrument
1879478513,Umbari Theorbo of Restful Songs,,,,,,990,,2801,,,,,,,,,,,,,191388,1,,1,,,,503,UNCOMMON,Instrument
1879476181,Ancient Silk Robe of Umbar,10290,,,1321,,1609,,,,,9309,,,,,,,,,,,,,,,,,512,RARE,Light Chest
1879475657,Deftly Stitched Robe,8884,,,,,848,,,,1424,3316,,,,,,,,,,,1,,1,,,,503,UNCOMMON,Light Chest
1879476214,Elegantly Woven Robe of Umbar,10290,,,1321,,1609,,4609,,,3724,,,,,,,,,,,,,,,,,512,RARE,Light Chest
1879444228,Enlightened Waistcoat of Remembered Rivals,10290,,,1321,,1447,,3075,,,2797,,,,,,,,,,,,,1,,,,512,RARE,Light Chest
1879476177,Finely Stitched Robe of Umbar,10290,,,1321,405,1609,,,,,6520,,,,,,,,,,,,,,,,,512,RARE,Light Chest
1879476415,Footman's Keen Brigandine of the Moors,9607,,,,,728,,4289,,,2559,,,,,,,,,,,,,,,,,505,RARE,Light Chest
1879476433,Footman's Reinforced Brigandine of the Moors,9607,,,,,728,,,3625,2907,,,,,,,,,3073,,,,,,,,,505,RARE,Light Chest
1879476678,Guardsman's Keen Brigandine of the Moors,10095,,,,,780,,4517,,,2729,,,,,,,,,,,,,,,,,510,RARE,Light Chest
1879476699,Guardsman's Reinforced Brigandine of the Moors,10095,,,,,780,,,3809,3054,,,,,,,,,,,,,,,,,,510,RARE,Light Chest
1879477868,Reinforced Soothing Waistcoat of the Adventurer,10656,,,1289,,1568,,,,4573,3633,,,,,,,,,,,,,1,,,,510,INCOMPARABLE,Light Chest
1879477860,Reinforced Waistcoat of the Adventurer,10656,,,1289,,1568,,,,3054,,,7282,,,,,,,,,,,1,,,,510,INCOMPARABLE,Light Chest
1879475689,Salvaged Silk Robe,9251,,,928,,899,,4380,4440,,,,,,,,,,,,,,,,,,,507,UNCOMMON,Light Chest
1879444245,Soothing Waistcoat of Remembered Rivals,10290,,,1321,,1609,,,,,,,,,,,6466,3731,,,,,,1,,,,512,RARE,Light Chest
1879477876,Soothing Waistcoat of the Adventurer,10095,,,1289,,1568,,,,4573,3633,,,,,,,,,,,,,,,,,510,RARE,Light Chest
1879475681,Superbly Woven Robe,10290,,,,,,,,,2334,2797,,,,,,,,,,,1,1,1,,,,512,RARE,Light Chest
1879477921,Waistcoat of the Adventurer,10095,,,1289,,1568,,,,3054,,,7282,,,,,,,,,,,,,,,510,RARE,Light Chest
1879090838,Captain-General's Cloak,9708,,,,,1063,,,4179,4179,6129,,,,,,,,,,,,,,,,,520,INCOMPARABLE,Cloak
1879475676,Cloak of Elessar's Guile,8474,,,,,1588,4563,,3083,,,,,,,,,,,,,1,,,,,,511,RARE,Cloak
1879475616,Cloak of Elessar's Might,8474,,,,,1588,,,,4617,,,,,,,8529,,,,,1,,,,,,511,RARE,Cloak
1879475677,Cloak of Elessar's Will,8474,,,,,1588,,4563,,3083,,,,,,,,,,,,1,,,,,,511,RARE,Cloak
1879090834,Commander's Cloak,9278,,,,,1000,,,3994,3994,5789,,,,,,,,,,,,,,,,,515,INCOMPARABLE,Cloak
1879475635,Deftly Stitched Cloak,7385,,,,,848,,,,,,,3325,,,,5771,,,,,1,,1,,,,503,UNCOMMON,Cloak
1879477905,Enduring Heavy Cloak of the Adventurer,8392,1289,,,,1568,,,,4573,,,,,,,,,,,,,,1,,,,510,RARE,Cloak
1879090825,Esquire's Cloak,8063,,,,,591,,,3662,3662,4319,,,,,,,,,,,,,,,,,506,RARE,Cloak
1879475636,Expertly Etched Cloak,8556,,,,,,,,,,2797,,3731,,,,,,,,,1,1,1,,,,512,RARE,Cloak
1879475599,Expertly Stitched Heavy Cloak,8556,,,,,,,,2334,2334,,,,,,,,,,,,1,1,1,,,,512,RARE,Cloak
1879475600,Finely Embossed Cloak,7385,,,,,848,,,,,2492,,3325,,,,,,,,,1,,1,,,,503,UNCOMMON,Cloak
1879090837,First Marshal's Cloak,9536,,,,,1038,,,4105,4105,5993,,,,,,,,,,,,,,,,,518,INCOMPARABLE,Cloak
1879090824,Footman's Cloak,7981,,,,,582,,,3625,3625,4263,,,,,,,,,,,,,,,,,505,RARE,Cloak
1879090826,Guardsman's Cloak,8145,,,,,599,,,3699,3699,4376,,,,,,,,,,,,,,,,,507,RARE,Cloak
1879477904,Heavy Cloak of the Adventurer,8392,1289,,,,1568,,,,,5450,,,,,,,,,,,,,1,,,,510,RARE,Cloak
1879090832,High Warden's Cloak,9106,,,,,975,,,3920,3920,5653,,,,,,,,,,,,,,,,,513,INCOMPARABLE,Cloak
1879090833,Lieutenant's Cloak,9192,,,,,987,,,3957,3957,5721,,,,,,,,,,,,,,,,,514,INCOMPARABLE,Cloak
1879477937,Light Cloak of the Adventurer,8392,,,1289,,1568,,,,,5450,,,,,,,,,,,,,1,,,,510,RARE,Cloak
1879090827,Man-at-Arms Cloak,8227,,,,,608,,,3736,3736,4432,,,,,,,,,,,,,,,,,508,RARE,Cloak
1879090830,Master Guardsman's Cloak,8474,,,,,791,,,3846,3846,4602,,,,,,,,,,,,,,,,,511,RARE,Cloak
1879090831,Master-at-Arms Cloak,8556,,,,,801,,,3883,3883,4658,,,,,,,,,,,,,,,,,512,RARE,Cloak
1879477877,Reinforced Enduring Heavy Cloak of the Adventurer,8849,1289,,,,1568,,,,4573,,,,,,,,,,,,,,2,,,,510,INCOMPARABLE,Cloak
1879475626,Reinforced Heavy Cloak,7385,,,,,848,,,2136,2136,,,,,,,,,,,,1,,1,,,,503,UNCOMMON,Cloak
1879477862,Reinforced Heavy Cloak of the Adventurer,8849,1289,,,,1568,,,,,5450,,,,,,,,,,,,,2,,,,510,INCOMPARABLE,Cloak
1879477922,Reinforced Light Cloak of the Adventurer,8849,,,1289,,1568,,,,,5450,,,,,,,,,,,,,2,,,,510,INCOMPARABLE,Cloak
1879477880,Reinforced Soothing Light Cloak of the Adventurer,8849,,,1289,,1568,,,,,,,,,,,12651,,,,,,,2,,,,510,INCOMPARABLE,Cloak
1879477888,Reinforced Swift Padded Silk Cloak of the Adventurer,8849,,1289,,,1568,,,,4573,,,,,,,,,,,,,,2,,,,510,INCOMPARABLE,Cloak
1879477915,Reinforced Swift Wool Cloak of the Adventurer,8849,,1289,,,1568,,,,,5450,,,,,,,,,,,,,2,,,,510,INCOMPARABLE,Cloak
1879475696,Salvaged Heavy Cloak,7981,903,,,,874,,,5805,,6813,,,,,,,,,,,,,,,,,505,RARE,Cloak
1879090836,Second Marshal's Cloak,9450,,,,,1025,,,4068,4068,5925,,,,,,,,,,,,,,,,,517,INCOMPARABLE,Cloak
1879090828,Sergeant of the Guard's Cloak,8310,,,,,616,,,3772,3772,4489,,,,,,,,,,,,,,,,,509,RARE,Cloak
1879090829,Sergeant-at-Arms Cloak,8392,,,,,780,,,3809,3809,4545,,,,,,,,,,,,,,,,,510,RARE,Cloak
1879477865,Soothing Light Cloak of the Adventurer,8392,,,1289,,1568,,,,,,,,,,,12651,,,,,,,1,,,,510,RARE,Cloak
1879475632,Stitched Silk Cloak,7981,,,903,,874,,,,5805,6813,,,,,,,,,,,,,,,,,505,RARE,Cloak
1879475683,Superbly Woven Cloak,8556,,,,,,,,,,,,3731,,,,6466,,,,,1,1,1,,,,512,RARE,Cloak
1879477913,Swift Padded Silk Cloak of the Adventurer,8392,,1289,,,1568,,,,4573,,,,,,,,,,,,,,1,,,,510,RARE,Cloak
1879477892,Swift Wool Cloak of the Adventurer,8392,,1289,,,1568,,,,,5450,,,,,,,,,,,,,1,,,,510,RARE,Cloak
1879090835,Third Marshal's Cloak,9364,,,,,1013,,,4031,4031,5857,,,,,,,,,,,,,,,,,516,INCOMPARABLE,Cloak
1879475633,Treated Leather Cloak,7981,,903,,,874,,,5805,,6813,,,,,,,,,,,,,,,,,505,RARE,Cloak
1879461711,Untested Cloak,7652,,,,,412,,,3477,3477,4037,,,,,,,,,,,,,,,,,501,RARE,Cloak
1879476217,Ancient Silk Shoes of the Eagle,4115,,,1321,,1609,,,,,3724,,7462,,,,,,,,,,,,,,,512,RARE,Light Feet
1879475663,Deftly Stitched Shoes,3559,,,,,848,,,,,1658,,,,4659,,,,,,,1,,1,,,,503,UNCOMMON,Light Feet
1879476191,Elegantly Woven Shoes of the Eagle,4115,,,1321,,1609,,,,7767,,,,,,,,,,,,,,,,,,512,RARE,Light Feet
1879444243,Enlightened Shoes of Remembered Rivals,4192,,,1352,,1485,,2350,,,3814,,,,,,,,,,,,,1,,,,514,RARE,Light Feet
1879476178,Finely Stitched Shoes of the Eagle,4115,,,1321,,1609,,,,7767,,,,,,,,,,,,,,,,,,512,RARE,Light Feet
1879476430,Footman's Keen Shoes of the Moors,3843,,,,245,728,,4289,,,2559,,,,,,,,,,,,,,,,,505,RARE,Light Feet
1879476411,Footman's Reinforced Shoes of the Moors,3843,,,,245,728,,,3625,2907,,,,,,,,,,,,,,,,,,505,RARE,Light Feet
1879476623,Guardsman's Keen Shoes of the Moors,4037,,,,,780,,4517,,,2729,,,,,,,,,,,,,,,,,510,RARE,Light Feet
1879476626,Guardsman's Reinforced Shoes of the Moors,4037,,,,,780,,,3809,3054,,,,,,,,,,,,,,,,,,510,RARE,Light Feet
1879477891,Reinforced Shoes of the Adventurer,4260,,,1289,,1568,,,,,5450,,,,,,,,,,,,,2,,,,510,INCOMPARABLE,Light Feet
1879477902,Reinforced Soothing Shoes of the Adventurer,4260,,,1289,,1568,,4517,,,,,,,,,,,,,,,,2,,,,510,INCOMPARABLE,Light Feet
1879475625,Salavaged Silk Shoes,3742,,,940,,912,,,,4484,5314,,,,,,,,,,,,,,,,,508,UNCOMMON,Light Feet
1879477906,Shoes of the Adventurer,4037,,,1289,,1568,,,,,5450,,,,,,,,,,,,,1,,,,510,RARE,Light Feet
1879444262,Soothing Shoes of Remembered Rivals,4192,,,1352,,1485,,,,,,,5093,,,,6620,,,,,,,1,,,,514,RARE,Light Feet
1879477859,Soothing Shoes of the Adventurer,4037,,,1289,,1568,,4517,,,,,,,,,,,,,,,,1,,,,510,RARE,Light Feet
1879477610,Stiched Umbari Empowering Guild Shoes,4342,,,,,,,4609,,,3724,,,,,,,,,,,1,1,1,,,,512,INCOMPARABLE,Light Feet
1879477600,Stiched Umbari Hopeful Guild Shoes,4342,,,,,,,3838,,,,,3731,,,,4307,,,,,1,1,1,,,,512,INCOMPARABLE,Light Feet
1879477624,Stiched Umbari Thoughtful Guild Shoes,4342,,,,,,,3075,,,,,3731,,,,,,,,,1,1,1,,,,512,INCOMPARABLE,Light Feet
1879475650,Stitched Shoes,3486,,,855,,823,,,,4174,4838,,,,,,,,,,,,,,,,,501,UNCOMMON,Light Feet
1879475594,Superbly Woven Shoes,4115,,,,,,,,,,2797,,,,3918,,,,,,,1,1,1,,,,512,RARE,Light Feet
1879476203,Ancient Silk Gloves of Umbar,5028,,,1321,,1609,,4609,,,,,4972,,,,,,,,,,,,,,,512,RARE,Light Gloves
1879475609,Deftly Stitched Gloves,4292,,,,,848,,2801,,1424,,,,,,,,,,,,1,,1,,,,503,UNCOMMON,Light Gloves
1879476212,Elegantly Woven Gloves of Umbar,5028,,,1321,,1609,,,,,5586,,4972,,,,,,,,,,,,,,,512,RARE,Light Gloves
1879444252,Enlightened Gloves of Remembered Rivals,5028,,,1321,,1447,,3075,,,,,3731,,,,,,,,,,,1,,,,512,RARE,Light Gloves
1879476200,Finely Stitched Gloves of Umbar,5028,,,1321,,1609,,,,4661,,,4972,,,,,,,,,,,,,,,512,RARE,Light Gloves
1879476408,Footman's Keen Gloves of the Moors,4696,,,,245,728,,4289,,,2559,,,,,,,,,,,,,,,,,505,RARE,Light Gloves
1879476401,Footman's Reinforced Gloves of the Moors,4696,,,,,728,,,3625,2907,,,,,,,,2280,,,,,,,,,,505,RARE,Light Gloves
1879477872,Gloves of the Adventurer,4933,,,1289,,1568,,,,,3633,,,,,7659,,,,,,,,,,,,510,RARE,Light Gloves
1879476659,Guardsman's Keen Gloves of the Moors,4933,,,,,780,,4517,,,2729,,,,,,,,,,,,,,,,,510,RARE,Light Gloves
1879476640,Guardsman's Reinforced Gloves of the Moors,4933,,,,,780,,,3809,3054,,,,,,,,,,,,,,,,,,510,RARE,Light Gloves
1879477903,Reinforced Gloves of the Adventurer,5266,,,1289,,1568,,,,,3633,,,,,7659,,,,,,,,1,,,,510,INCOMPARABLE,Light Gloves
1879477864,Reinforced Soothing Gloves of the Adventurer,5266,,,1289,,1568,,,,,5450,,,,,,8425,,,,,,,1,,,,510,INCOMPARABLE,Light Gloves
1879475642,Salvaged Silk Gloves,4600,,,964,,937,,,,4573,5450,,,,,,,,,,,,,,,,,510,UNCOMMON,Light Gloves
1879444253,Soothing Gloves of Remembered Rivals,5028,,,1321,,1447,,,,,2797,,,,,,8634,,,,,,,1,,,,512,RARE,Light Gloves
1879477928,Soothing Gloves of the Adventurer,4933,,,1289,,1568,,,,,5450,,,,,,8425,,,,,,,,,,,510,RARE,Light Gloves
1879477607,Stiched Umbari Empowering Guild Gloves,5367,,,,,,,3838,,,2797,,2490,,,,,,,,,1,1,1,,,,512,INCOMPARABLE,Light Gloves
1879477621,Stiched Umbari Hopeful Guild Gloves,5367,,,,,,,,,,4658,,,,,,6466,,,,,1,1,1,,,,512,INCOMPARABLE,Light Gloves
1879477615,Stiched Umbari Thoughtful Guild Gloves,5367,,,,,,,,,,4658,,6214,,,,,,,,,1,1,1,,,,512,INCOMPARABLE,Light Gloves
1879475588,Stitched Gloves,4336,,,891,,861,,,,4307,5042,,,,,,,,,,,,,,,,,504,UNCOMMON,Light Gloves
1879475678,Superbly Woven Gloves,5028,,,,,,,3075,,1556,,,,,,,,,,,,1,1,1,,,,512,RARE,Light Gloves
1879477591,Adept Master-crafted Hood,3353,,,,,342,,,,,,,,,,,,,,,,1,,4,,,,517,INCOMPARABLE,Light Head
1879476219,Ancient Silk Hood of the Eagle,2975,,,1321,,1609,,7676,,,,,,,,,,,,,,,,,,,,512,RARE,Light Head
1879477893,Cap of the Adventurer,2919,,,1289,,1568,,4517,,,,,4852,,,,,,,,,,,,,,,510,RARE,Light Head
1879475645,Deftly Stitched Hood,2301,,,,,848,,,,2136,,,3325,,,,,,,,,1,,1,,,,503,UNCOMMON,Light Head
1879477597,Durable Master-crafted Hood,2891,,,,,308,,,,,,,,,,,,,,,,1,1,1,,,,509,RARE,Light Head
1879476180,Elegantly Woven Hood of the Eagle,2975,,,1321,,1609,,,,,9309,,,,,,,,,,,,,,,,,512,RARE,Light Head
1879477589,Enduring Master-crafted Hood,3003,,,,,325,,,,,,,,,,,,,,,,1,1,2,,,,513,RARE,Light Head
1879444242,Enlightened Cap of Remembered Rivals,2975,,,1321,,1609,,2304,,,2797,,,,,,,,,,,,,1,,,,512,RARE,Light Head
1879476173,Finely Stitched Hood of the Eagle,2975,,,1321,,1609,,,,,,,12488,,,,,,,,,,,,,,,512,RARE,Light Head
1879476405,Footman's Keen Circlet of the Moors,2779,,,,,728,,4289,,,2559,,,,,,,,,,,,,,,,,505,RARE,Light Head
1879476409,Footman's Reinforced Circlet of the Moors,2779,,,,,728,,,3625,2907,,,,,,,,,,,,,,,,,,505,RARE,Light Head
1879477618,Fortifying Master-crafted Hood,3353,,,,,342,,,,,,,,,,,,,,,,1,1,3,,,,517,INCOMPARABLE,Light Head
1879476627,Guardsman's Keen Circlet of the Moors,2919,,,,,780,,4517,,,2729,,,,,,,,,,,,,,,,,510,RARE,Light Head
1879476690,Guardsman's Reinforced Circlet of the Moors,2919,,,,,780,,,3809,3054,,,,,,,,,,,,,,,,,,510,RARE,Light Head
1879477608,Master-crafted Hood,2348,,,,,291,,,,,,,,,,,,,,,,1,,1,,,,505,UNCOMMON,Light Head
1879477923,Reinforced Cap of the Adventurer,3142,,,1289,,1568,,4517,,,,,4852,,,,,,,,,,,1,,,,510,INCOMPARABLE,Light Head
1879477890,Reinforced Soothing Cap of the Adventurer,3142,,,1289,,1568,,,3054,,,,,,,,12651,,,,,,,1,,,,510,INCOMPARABLE,Light Head
1879475591,Salvaged Silk Hood,2490,,,977,,949,,,,4617,,,7372,,,,,,,,,,,,,,,511,UNCOMMON,Light Head
1879477598,Skilled Master-crafted Hood,3003,,,,,325,,,,,,,,,,,,,,,,1,,3,,,,513,RARE,Light Head
1879444257,Soothing Cap of Remembered Rivals,2975,,,1321,,1609,,,2334,,,,,,,,,3731,,,,,,1,,,,512,RARE,Light Head
1879477934,Soothing Cap of the Adventurer,2919,,,1289,,1568,,,3054,,,,,,,,12651,,,,,,,,,,,510,RARE,Light Head
1879475621,Stitched Hood,2348,,,903,,874,,,,4351,,,6831,,,,,,,,,,,,,,,505,UNCOMMON,Light Head
1879475706,Superbly Woven Hood,2975,,,,,,,,,1556,,,4972,,,,,,,,,1,1,1,,,,512,RARE,Light Head
1879477605,Versatile Master-crafted Hood,2891,,,,,308,,,,,,,,,,,,,,,,1,,2,,,,509,RARE,Light Head
1879476171,Ancient Silk Leggings of Umbar,8579,,,1321,,1609,,,,,3724,,7462,,,,,,,,,,,,,,,512,RARE,Light Legs
1879475612,Deftly Stitched Leggings,7423,,,,,848,,2801,,1424,,,,,,,,,,,,1,,1,,,,503,UNCOMMON,Light Legs
1879476186,Elegantly Woven Leggings of Umbar,8579,,,1321,,1609,,,4661,,3724,,,,,,,,,,,,,,,,,512,RARE,Light Legs
1879444229,Enlightened Trousers of Remembered Rivals,8742,,,1352,,1485,,,,,3814,,,,,,6620,,,,,,,1,,,,514,RARE,Light Legs
1879476176,Finely Stitched Leggings of Umbar,8579,,,1321,,1609,,,3883,,,,6214,,,,,,,,,,,,,,,512,RARE,Light Legs
1879476398,Footman's Keen Cops of the Moors,2779,,,,,728,,4289,,,2559,,2280,,,,,,,,,,,,,,,505,RARE,Light Legs
1879476418,Footman's Reinforced Cops of the Moors,2779,,,,,728,,,3625,2907,,,,,,2397,,,,,,,,,,,,505,RARE,Light Legs
1879476617,Guardsman's Keen Cops of the Moors,2919,,,,,780,,4517,,,2729,,,,,,,,,,,,,,,,,510,RARE,Light Legs
1879476693,Guardsman's Reinforced Cops of the Moors,2919,,,,,780,,,3809,3054,,,,,,,,,,,,,,,,,,510,RARE,Light Legs
1879477932,Reinforced Soothing Trousers of the Adventurer,8857,,,1289,,1568,,,,,,,,,,7659,,,,,,,,2,,,,510,INCOMPARABLE,Light Legs
1879477917,Reinforced Trousers of the Adventurer,8857,,,1289,,1568,,,,,,,7282,,,,,,,,,,,2,,,,510,INCOMPARABLE,Light Legs
1879475639,Salvaged Silk Trousers,7889,,,952,,924,,4471,,,,,,,,7563,,,,,,,,,,,,509,UNCOMMON,Light Legs
1879444246,Soothing Trousers of Remembered Rivals,8742,,,1352,,1485,,,,2379,,,,,,,,5093,,,,,,1,,,,514,RARE,Light Legs
1879477939,Soothing Trousers of the Adventurer,8416,,,1289,,1568,,,,,,,,,,7659,,,,,,,,1,,,,510,RARE,Light Legs
1879475685,Stitched Trousers,7345,,,867,,836,,4151,,,,,,,,6892,,,,,,,,,,,,502,UNCOMMON,Light Legs
1879475699,Superbly Woven Leggings,8579,,,,,,,3075,,1556,,,,,,,,,,,,1,1,1,,,,512,RARE,Light Legs
1879477858,Trousers of the Adventurer,8416,,,1289,,1568,,,,,,,7282,,,,,,,,,,,1,,,,510,RARE,Light Legs
1879476204,Ancient Silk Shoulder-pads of the Eagle,2975,,,1321,,1609,,,,,4658,,6214,,,,,,,,,,,,,,,512,RARE,Light Shoulders
1879475589,Deftly Stitched Shoulder-pads,2301,,,,,848,,2099,2136,,,,,,,,,,,,,1,,1,,,,503,UNCOMMON,Light Shoulders
1879476199,Elegantly Woven Shoulder-pads of the Eagle,2975,,,1321,540,1609,,,,,5586,,,,,,,,,,,,,,,,,512,RARE,Light Shoulders
1879444265,Enlightened Mantle of Remembered Rivals,2975,,,1321,,1609,,2304,,,,,3731,,,,,,,,,,,1,,,,512,RARE,Light Shoulders
1879476222,Finely Stitched Shoulder-pads of the Eagle,2975,,,1321,405,1609,,,,,,,8704,,,,,,,,,,,,,,,512,RARE,Light Shoulders
1879476400,Footman's Keen Wrap of the Moors,8008,,,,,728,,4289,,,2559,,2280,,,,,,,,,,,,,,,505,RARE,Light Shoulders
1879476412,Footman's Reinforced Wrap of the Moors,8008,,,,,728,,,3625,2907,,,2280,,,,,,,,,,,,,,,505,RARE,Light Shoulders
1879476688,Guardsman's Keen Wrap of the Moors,8416,,,,,780,,4517,,,2729,,,,,,,,,,,,,,,,,510,RARE,Light Shoulders
1879476720,Guardsman's Reinforced Wrap of the Moors,8416,,,,,780,,,3809,3054,,,,,,,,,,,,,,,,,,510,RARE,Light Shoulders
1879477881,Mantle of the Adventurer,2919,,,1289,,1568,,4517,,,,,,,,5101,,,,,,,,,,,,510,RARE,Light Shoulders
1879477882,Reinforced Mantle of the Adventurer,3142,,,1289,,1568,,4517,,,,,,,,5101,,,,,,,,1,,,,510,INCOMPARABLE,Light Shoulders
1879477897,Reinforced Soothing Mantle of the Adventurer,3142,,,1289,,1568,,,,,,,4852,,,7659,,,,,,,,1,,,,510,INCOMPARABLE,Light Shoulders
1879475661,Salvaged Silk Shoulder-pads,2443,,,952,,924,,4471,,,,,,,,7563,,,,,,,,,,,,509,UNCOMMON,Light Shoulders
1879444259,Soothing Mantle of Remembered Rivals,2975,,,1321,,1609,,,2334,,,,3731,,,,,,,,,,,1,,,,512,RARE,Light Shoulders
1879477931,Soothing Mantle of the Adventurer,2919,,,1289,,1568,,,,,,,4852,,,7659,,,,,,,,,,,,510,RARE,Light Shoulders
1879475700,Stitched Shoulder-pads,2253,,,855,,823,,4106,,,,,,,,6796,,,,,,,,,,,,501,UNCOMMON,Light Shoulders
1879475586,Superbly Woven Shoulder-pads,2975,,,,,,,1541,3113,,,,,,,,,,,,,1,1,1,,,,512,RARE,Light Shoulders
1879475692,Embossed Leather Jacket,11142,,,,,848,,,,1424,3316,,,,,,,,,,,1,,1,,,,503,UNCOMMON,Medium Chest
1879475691,Expertly Etched Leather Coat,12869,,,,,,,,,2334,2797,,,,,,,,,,,1,1,1,,,,512,RARE,Medium Chest
1879476209,Finely Etched Leather Coat of Umbar,12869,,1321,,,1609,,,,,9309,,,,,,,,,,,,,,,,,512,RARE,Medium Chest
1879476399,Footman's Keen Coat of the Moors,12012,,,,,728,4289,,,,2559,,,,,,,,,,,,,,,,,505,RARE,Medium Chest
1879476416,Footman's Reinforced Coat of the Moors,12012,,,,,728,,,3625,2907,,,,,,,,,3073,,,,,,,,,505,RARE,Medium Chest
1879476631,Guardsman's Keen Coat of the Moors,12624,,,,,780,4517,,,,2729,,,,,,,,,,,,,,,,,510,RARE,Medium Chest
1879476700,Guardsman's Reinforced Coat of the Moors,12624,,,,,780,,,3809,3054,,,,,,,,,,,,,,,,,,510,RARE,Medium Chest
1879476188,Keen Leather Jacket of Umbar,12869,,1321,,540,1609,,,,,5586,,,,,,,,,,,,,,,,,512,RARE,Medium Chest
1879476211,Reinforced Leather Jacket of Umbar,12869,,1321,,,1609,,,,3883,,,,,,,,6214,,,,,,,,,,512,RARE,Medium Chest
1879477908,Reinforced Swift Hauberk of the Adventurer,13285,,1289,,,1568,,,,3054,,,7282,,,,,,,,,,,1,,,,510,INCOMPARABLE,Medium Chest
1879477871,Reinforced Swift Padded Hauberk of the Adventurer,13285,,1289,,,1568,,,,4573,,4852,,,,,,,,,,,,1,,,,510,INCOMPARABLE,Medium Chest
1879444230,Swift Hauberk of Remembered Rivals,12869,,1321,,,1447,3075,,,,2797,,,,,,,,,,,,,1,,,,512,RARE,Medium Chest
1879477889,Swift Hauberk of the Adventurer,12624,,1289,,,1568,,,,3054,,,7282,,,,,,,,,,,,,,,510,RARE,Medium Chest
1879477919,Swift Padded Hauberk of the Adventurer,12624,,1289,,,1568,,,,4573,,4852,,,,,,,,,,,,,,,,510,RARE,Medium Chest
1879444249,Warding Hauberk of Remembered Rivals,12869,,1321,,,1609,,,,2334,,,,,,,,3731,,,,,,1,,,,512,RARE,Medium Chest
1879475705,Well-preserved Leather Jacket,11600,,928,,,899,4380,,4440,,,,,,,,,,,,,,,,,,,507,UNCOMMON,Medium Chest
1879475646,Embossed Leather Boots,4428,,,,,848,,,,,1658,,,,4659,,,,,,,1,,1,,,,503,UNCOMMON,Medium Feet
1879477590,Etched Umbari Deft Guild Boots,5417,,,,,,4609,,,,3724,,,,,,,,,,,1,1,1,,,,512,INCOMPARABLE,Medium Feet
1879477599,Etched Umbari Quick Guild Boots,5417,,,,,,,,,,,,6214,2617,,3918,,,,,,1,1,1,,,,512,INCOMPARABLE,Medium Feet
1879477628,Etched Umbari Sly Guild Boots,5417,,,,,,,,,,4658,,6214,,,,,,,,,1,1,1,,,,512,INCOMPARABLE,Medium Feet
1879475595,Expertly Etched Leather Boots,5132,,,,,,,,,,2797,,,,3918,,,,,,,1,1,1,,,,512,RARE,Medium Feet
1879476218,Finely Etched Leather Boots of the Eagle,5132,,1321,,,1609,,,,,9309,,,,,,,,,,,,,,,,,512,RARE,Medium Feet
1879476414,Footman's Keen Boots of the Moors,4792,,,,245,728,4289,,,,2559,,,,,,,,,,,,,,,,,505,RARE,Medium Feet
1879476420,Footman's Reinforced Boots of the Moors,4792,,,,245,728,,,3625,2907,,,,,,,,,,,,,,,,,,505,RARE,Medium Feet
1879476709,Guardsman's Keen Boots of the Moors,5035,,,,,780,4517,,,,2729,,,,,,,,,,,,,,,,,510,RARE,Medium Feet
1879476656,Guardsman's Reinforced Boots of the Moors,5035,,,,,780,,,3809,3054,,,,,,,,,,,,,,,,,,510,RARE,Medium Feet
1879476174,Keen Leather Boots of the Eagle,5132,,1321,,,1609,,,,,1862,,9945,,,,,,,,,,,,,,,512,RARE,Medium Feet
1879476185,Reinforced Leather Boots of the Eagle,5132,,1321,,,1609,,,,,,,12488,,,,,,,,,,,,,,,512,RARE,Medium Feet
1879477899,Reinforced Swift Boots of the Adventurer,5314,,1289,,,1568,,,,,5450,,,,,,,,,,,,,2,,,,510,INCOMPARABLE,Medium Feet
1879477938,Reinforced Swift Padded Boots of the Adventurer,5314,,1289,,,1568,,,,,,,7282,,,,,,,,,,,2,,,,510,INCOMPARABLE,Medium Feet
1879444247,Swift Boots of Remembered Rivals,5230,,1352,,,1485,2350,,,,3814,,,,,,,,,,,,,1,,,,514,RARE,Medium Feet
1879477885,Swift Boots of the Adventurer,5035,,1289,,,1568,,,,,5450,,,,,,,,,,,,,1,,,,510,RARE,Medium Feet
1879477936,Swift Padded Boots of the Adventurer,5035,,1289,,,1568,,,,,,,7282,,,,,,,,,,,1,,,,510,RARE,Medium Feet
1879475697,Treated Leather Boots,4336,,855,,,823,,,4174,,,,6470,,,,,,,,,,,,,,,501,UNCOMMON,Medium Feet
1879444264,Warding Boots of Remembered Rivals,5230,,1352,,,1485,,,,,,,,,,,,5093,5154,,,,,1,,,,514,RARE,Medium Feet
1879475674,Well-preserved Leather Boots,4658,,940,,,912,,,4484,,,,7102,,,,,,,,,,,,,,,508,UNCOMMON,Medium Feet
1879475643,Embossed Leather Arm-guards,5346,,,,,848,2801,,1424,,,,,,,,,,,,,1,,1,,,,503,UNCOMMON,Medium Gloves
1879477617,Etched Umbari Deft Guild Arm-guards,6694,,,,,,3075,,,,1862,,4972,,,,,,,,,1,1,1,,,,512,INCOMPARABLE,Medium Gloves
1879477627,Etched Umbari Quick Guild Arm-guards,6694,,,,,,,,,,,,,2617,3918,,,6214,,,,1,1,1,,,,512,INCOMPARABLE,Medium Gloves
1879477620,Etched Umbari Sly Guild Arm-guards,6694,,,,,,3838,,,,,,6214,,,,,,,,,1,1,1,,,,512,INCOMPARABLE,Medium Gloves
1879475648,Expertly Etched Leather Gloves,6265,,,,,,3075,,1556,,,,,,,,,,,,,1,1,1,,,,512,RARE,Medium Gloves
1879476207,Finely Etched Leather Gloves of Umbar,6265,,1321,,,1609,4609,,,,,,4972,,,,,,,,,,,,,,,512,RARE,Medium Gloves
1879476425,Footman's Keen Bracers of the Moors,5847,,,,245,728,4289,,,,2559,,,,,,,,,,,,,,,,,505,RARE,Medium Gloves
1879476422,Footman's Reinforced Bracers of the Moors,5847,,,,,728,,,3625,2907,,,,,,,,2280,,,,,,,,,,505,RARE,Medium Gloves
1879476620,Guardsman's Keen Bracers of the Moors,6145,,,,,780,4517,,,,2729,,,,,,,,,,,,,,,,,510,RARE,Medium Gloves
1879476717,Guardsman's Reinforced Bracers of the Moors,6145,,,,,780,,,3809,3054,,,,,,,,,,,,,,,,,,510,RARE,Medium Gloves
1879476189,Keen Leather Arm-guards of Umbar,6265,,1321,,,1609,,,,3883,,,6214,,,,,,,,,,,,,,,512,RARE,Medium Gloves
1879476202,Reinforced Leather Arm-guards of Umbar,6265,,1321,,,1609,,,,,,,12488,,,,,,,,,,,,,,,512,RARE,Medium Gloves
1879477929,Reinforced Swift Gages of the Adventurer,6566,,1289,,,1568,,,,,3633,,,,,7659,,,,,,,,1,,,,510,INCOMPARABLE,Medium Gloves
1879477933,Reinforced Swift Padded Gages of the Adventurer,6566,,1289,,,1568,,,,,,,4852,,7659,,,,,,,,,1,,,,510,INCOMPARABLE,Medium Gloves
1879444224,Swift Gages of Remembered Rivals,6265,,1321,,,1447,3075,,,,,,3731,,,,,,,,,,,1,,,,512,RARE,Medium Gloves
1879477873,Swift Gages of the Adventurer,6145,,1289,,,1568,,,,,3633,,,,,7659,,,,,,,,,,,,510,RARE,Medium Gloves
1879477910,Swift Padded Gages of the Adventurer,6145,,1289,,,1568,,,,,,,4852,,7659,,,,,,,,,,,,,510,RARE,Medium Gloves
1879475602,Treated Leather Arm-guards,5402,,891,,,861,,,,,5042,,,,7084,,,,,,,,,,,,,504,UNCOMMON,Medium Gloves
1879444260,Warding Gages of Remembered Rivals,6265,,1321,,,1447,,,,3113,,,3731,,,,,,,,,,,1,,,,512,RARE,Medium Gloves
1879475658,Well-preserved Leather Arm-guards,5735,,964,,,937,,,,,5450,,,,7659,,,,,,,,,,,,,510,UNCOMMON,Medium Gloves
1879477614,Adept Master-crafted Helm,4181,,,,,342,,,,,,,,,,,,,,,,1,,4,,,,517,INCOMPARABLE,Medium Head
1879477619,Durable Master-crafted Helm,3597,,,,,308,,,,,,,,,,,,,,,,1,1,1,,,,509,RARE,Medium Head
1879475679,Embossed Leather Helmet,2869,,,,,848,,,2136,,2492,,,,,,,,,,,1,,1,,,,503,UNCOMMON,Medium Head
1879477613,Enduring Master-crafted Helm,3738,,,,,325,,,,,,,,,,,,,,,,1,1,2,,,,513,RARE,Medium Head
1879475624,Expertly Etched Leather Helm,3703,,,,,,,,1556,,3724,,,,,,,,,,,1,1,1,,,,512,RARE,Medium Head
1879476196,Finely Etched Leather Helm of the Eagle,3703,,1321,,,1609,3838,,,,,,6214,,,,,,,,,,,,,,,512,RARE,Medium Head
1879476427,Footman's Keen Hood of the Moors,3456,,,,,728,4289,,,,2559,,,,,,,,,,,,,,,,,505,RARE,Medium Head
1879476402,Footman's Reinforced Hood of the Moors,3456,,,,,728,,,3625,2907,,,,,,,,,,,,,,,,,,505,RARE,Medium Head
1879477606,Fortifying Master-crafted Helm,4181,,,,,342,,,,,,,,,,,,,,,,1,1,3,,,,517,INCOMPARABLE,Medium Head
1879476691,Guardsman's Keen Hood of the Moors,3633,,,,,780,4517,,,,2729,,,,,,,,,,,,,,,,,510,RARE,Medium Head
1879476689,Guardsman's Reinforced Hood of the Moors,3633,,,,,780,,,3809,3054,,,,,,,,,,,,,,,,,,510,RARE,Medium Head
1879476169,Keen Leather Helm of the Eagle,3703,,1321,,,1609,5379,,,,,,3731,,,,,,,,,,,,,,,512,RARE,Medium Head
1879477593,Master-crafted Helm,2928,,,,,291,,,,,,,,,,,,,,,,1,,1,,,,505,UNCOMMON,Medium Head
1879476215,Reinforced Leather Helm of the Eagle,3703,,1321,,,1609,,,,,,,12488,,,,,,,,,,,,,,,512,RARE,Medium Head
1879477870,Reinforced Swift Coif of the Adventurer,3917,,1289,,,1568,4517,,,,,,4852,,,,,,,,,,,1,,,,510,INCOMPARABLE,Medium Head
1879477879,Reinforced Swift Padded Coif of the Adventurer,3917,,1289,,,1568,,,3054,,,,,,,,12651,,,,,,,1,,,,510,INCOMPARABLE,Medium Head
1879477625,Skilled Master-crafted Helm,3738,,,,,325,,,,,,,,,,,,,,,,1,,3,,,,513,RARE,Medium Head
1879444231,Swift Coif of Remembered Rivals,3703,,1321,,,1609,2304,,,,2797,,,,,,,,,,,,,1,,,,512,RARE,Medium Head
1879477926,Swift Coif of the Adventurer,3633,,1289,,,1568,4517,,,,,,4852,,,,,,,,,,,,,,,510,RARE,Medium Head
1879477916,Swift Padded Coif of the Adventurer,3633,,1289,,,1568,,,3054,,,,,,,,12651,,,,,,,,,,,510,RARE,Medium Head
1879475630,Treated Leather Helmet,2928,,903,,,874,4289,,4351,,,,,,,,,,,,,,,,,,,505,UNCOMMON,Medium Head
1879477632,Versatile Master-crafted Helm,3597,,,,,308,,,,,,,,,,,,,,,,1,,2,,,,509,RARE,Medium Head
1879444238,Warding Coif of Remembered Rivals,3703,,1321,,,1609,,,,,,,,,3918,,,3731,,,,,,1,,,,512,RARE,Medium Head
1879475601,Well-preserved Leather Helmet,3107,,977,,,949,4563,,4617,,,,,,,,,,,,,,,,,,,511,UNCOMMON,Medium Head
1879475619,Embossed Leather Leggings,9250,,,,,848,2801,,1424,,,,,,,,,,,,,1,,1,,,,503,UNCOMMON,Medium Legs
1879475698,Expertly Etched Leggings,10694,,,,,,3075,,1556,,,,,,,,,,,,,1,1,1,,,,512,RARE,Medium Legs
1879476184,Finely Etched Leather Leggings of Umbar,10694,,1321,,540,1609,4609,,,,,,,,,,,,,,,,,,,,,512,RARE,Medium Legs
1879476428,Footman's Keen Leggings of the Moors,9974,,,,,728,4289,,,,2559,,2280,,,,,,,,,,,,,,,505,RARE,Medium Legs
1879476404,Footman's Reinforced Leggings of the Moors,9974,,,,,728,,,3625,2907,,,2280,,,,,,,,,,,,,,,505,RARE,Medium Legs
1879476702,Guardsman's Keen Leggings of the Moors,10488,,,,,780,4517,,,,2729,,,,,,,,,,,,,,,,,510,RARE,Medium Legs
1879476723,Guardsman's Reinforced Leggings of the Moors,10488,,,,,780,,,3809,3054,,,,,,,,,,,,,,,,,,510,RARE,Medium Legs
1879476172,Keen Leather Leggings of Umbar,10694,,1321,,,1609,4609,,,,3724,,,,,,,,,,,,,,,,,512,RARE,Medium Legs
1879476206,Reinforced Leather Greaves of Umbar,10694,,1321,,405,1609,,,,5440,,,,,,,,,,,,,,,,,,512,RARE,Medium Legs
1879477867,Reinforced Swift Leggings of the Adventurer,11057,,1289,,,1568,,,,,,,7282,,,,,,,,,,,2,,,,510,INCOMPARABLE,Medium Legs
1879477875,Reinforced Swift Padded Leggings of the Adventurer,11057,,1289,,,1568,,,4573,,,,,,,,,,,,,,,2,,,,510,INCOMPARABLE,Medium Legs
1879444226,Swift Leggings of Remembered Rivals,10900,,1352,,,1485,,,,,3814,,3821,,,,,,,,,,,1,,,,514,RARE,Medium Legs
1879477866,Swift Leggings of the Adventurer,10488,,1289,,,1568,,,,,,,7282,,,,,,,,,,,1,,,,510,RARE,Medium Legs
1879477912,Swift Padded Leggings of the Adventurer,10488,,1289,,,1568,,,4573,,,,,,,,,,,,,,,1,,,,510,RARE,Medium Legs
1879475606,Treated Leather Leggings,9153,,867,,,836,4151,,4219,,,,,,,,,,,,,,,,,,,502,UNCOMMON,Medium Legs
1879444244,Warding Leggings of Remembered Rivals,10900,,1352,,,1485,,,,,,,5093,,4013,,,,,,,,,1,,,,514,RARE,Medium Legs
1879475688,Well-preserved Leather Trousers,9830,,952,,,924,4471,,4529,,,,,,,,,,,,,,,,,,,509,UNCOMMON,Medium Legs
1879475664,Embossed Leather Shoulder-pads,2869,,,,,848,2099,,2136,,,,,,,,,,,,,1,,1,,,,503,UNCOMMON,Medium Shoulders
1879475666,Expertly Etched Leather Harness,3703,,,,,,1541,,3113,,,,,,,,,,,,,1,1,1,,,,512,RARE,Medium Shoulders
1879476190,Finely Etched Leather Harness of the Eagle,3703,,1321,,,1609,,,,,4658,,6214,,,,,,,,,,,,,,,512,RARE,Medium Shoulders
1879476417,Footman's Keen Shoulder-guard of the Moors,3456,,,,,728,4289,,,,2559,,2280,,,,,,,,,,,,,,,505,RARE,Medium Shoulders
1879476429,Footman's Reinforced Shoulder-guard of the Moors,3456,,,,,728,,,3625,2907,,,,,,2397,,,,,,,,,,,,505,RARE,Medium Shoulders
1879476724,Guardsman's Keen Shoulder-guard of the Moors,3633,,,,,780,4517,,,,2729,,,,,,,,,,,,,,,,,510,RARE,Medium Shoulders
1879476669,Guardsman's Reinforced Shoulder-guard of the Moors,3633,,,,,780,,,3809,3054,,,,,,,,,,,,,,,,,,510,RARE,Medium Shoulders
1879476210,Keen Leather Harness of the Eagle,3703,,1321,,,1609,,,,,3724,,7462,,,,,,,,,,,,,,,512,RARE,Medium Shoulders
1879476205,Reinforced Leather Pauldrons of the Eagle,3703,,1321,,540,1609,,,,4661,,,,,,,,,,,,,,,,,,512,RARE,Medium Shoulders
1879477878,Reinforced Swift Camail of the Adventurer,3917,,1289,,,1568,4517,,,,,,,,,5101,,,,,,,,1,,,,510,INCOMPARABLE,Medium Shoulders
1879477883,Reinforced Swift Padded Camail of the Adventurer,3917,,1289,,,1568,,,,,,,4852,,,,,,9817,,,,,1,,,,510,INCOMPARABLE,Medium Shoulders
1879444235,Swift Camail of Remembered Rivals,3703,,1321,,,1609,2304,,,,,,3731,,,,,,,,,,,1,,,,512,RARE,Medium Shoulders
1879477898,Swift Camail of the Adventurer,3633,,1289,,,1568,4517,,,,,,,,,5101,,,,,,,,,,,,510,RARE,Medium Shoulders
1879477935,Swift Padded Camail of the Adventurer,3633,,1289,,,1568,,,,,,,4852,,,,,,9817,,,,,,,,,510,RARE,Medium Shoulders
1879475620,Treated Leather Harness,2809,,855,,,823,,,,,4838,,,,,6796,,,,,,,,,,,,501,UNCOMMON,Medium Shoulders
1879444233,Warding Camail of Remembered Rivals,3703,,1321,,,1609,,,,,,,3731,,3918,,,,,,,,,1,,,,512,RARE,Medium Shoulders
1879475647,Well-preserved Leather Harness,3048,,952,,,924,,,,,5382,,,,,7563,,,,,,,,,,,,509,UNCOMMON,Medium Shoulders
1879477434,Adept Pearl Necklace,,,,,,342,,,,,,,,,,,,,,,,1,,4,,,,517,INCOMPARABLE,Necklace
1879477431,Durable Pearl Necklace,,,,,,308,,,,,,,,,,,,,,,,1,1,1,,,,509,RARE,Necklace
1879477429,Enduring Pearl Necklace,,,,,,325,,,,,,,,,,,,,,,,1,1,2,,,,513,RARE,Necklace
1879476365,Expertly Handmade Navigator's Shell Necklace,,,,,,,,3075,,,,,2490,,,,,,,,,1,1,1,,,,512,RARE,Necklace
1879476381,Expertly Handmade Necklace of the Golden Pair,,,,,,,,,,,,,,5227,2617,,,,,,,1,1,1,,,,512,RARE,Necklace
1879476366,Expertly Handmade Necklace of the Twin Fish,,,,,,,,,,,,,,,5227,2617,,,,,,1,1,1,,,,512,RARE,Necklace
1879476376,Expertly Handmade Sailor's Shell Necklace,,,,,,,3075,,,,,,2490,,,,,,,,,1,1,1,,,,512,RARE,Necklace
1879477745,Fancy Necklace of the Adventurer,,,,1289,,1568,,,,,5450,,,,,,,,,,,,,1,,,,510,RARE,Necklace
1879477657,Fancy Necklace of the Adventurer,,,,1289,,1568,,,,,,,,,,,12651,,,,,,,1,,,,510,RARE,Necklace
1879476782,Footman's Fierce Torc of the Moors,,,,,245,728,,4289,,,2559,,,,,,,,,,,,,,,,,505,RARE,Necklace
1879476739,Footman's Lustrous Torc of the Moors,,,,,368,728,,,,,,2280,6831,,,,,,,,,,,,,,,505,RARE,Necklace
1879476779,Footman's Reinforced Torc of the Moors,,,,,,728,,,2180,4351,,2280,,,,,,,,,,,,,,,,505,RARE,Necklace
1879476784,Footman's Spirited Torc of the Moors,,,,,,728,,,,,2559,2280,,,,,11876,,,,,,,,,,,505,RARE,Necklace
1879476749,Footman's Strong Torc of the Moors,,,,,245,728,4289,,,,2559,,,,,,,,,,,,,,,,,505,RARE,Necklace
1879477437,Fortifying Pearl Necklace,,,,,,342,,,,,,,,,,,,,,,,1,1,3,,,,517,INCOMPARABLE,Necklace
1879476778,Guardsman's Fierce Torc of the Moors,,,,,,728,,4289,,,2559,,,,,,,,,,,,,,,,,505,RARE,Necklace
1879476735,Guardsman's Lustrous Torc of the Moors,,,,,368,728,,,,,,,6831,,,,,,,,,,,,,,,505,RARE,Necklace
1879476758,Guardsman's Reinforced Torc of the Moors,,,,,,728,,,2180,4351,,,,,,,,,,,,,,,,,,505,RARE,Necklace
1879476781,Guardsman's Spirited Torc of the Moors,,,,,,728,,,,,2559,,,,,,11876,,,,,,,,,,,505,RARE,Necklace
1879476747,Guardsman's Strong Torc of the Moors,,,,,,728,4289,,,,2559,,,,,,,,,,,,,,,,,505,RARE,Necklace
1879476370,Handmade Navigator's Shell Necklace,,,,,,990,,2099,,,,,2220,,,,,,,,,1,,1,,,,503,UNCOMMON,Necklace
1879476380,Handmade Necklace of the Golden Pair,,,,,,990,,,,,,,,3492,2334,,,,,,,1,,1,,,,503,UNCOMMON,Necklace
1879476367,Handmade Necklace of the Twin Fish,,,,,,990,,,,,,,,,3492,2334,,,,,,1,,1,,,,503,UNCOMMON,Necklace
1879476357,Handmade Sailor's Shell Necklace,,,,,,990,2099,,,,,,2220,,,,,,,,,1,,1,,,,503,UNCOMMON,Necklace
1879477705,Heavy Torc of the Adventurer,,1289,,,,1568,,,,,,,,,,,,,9817,,,,,1,,,,510,RARE,Necklace
1879477696,Heavy Torc of the Adventurer,,1289,,,,1568,,,,,5450,,,,,,,,,,,,,1,,,,510,RARE,Necklace
1879475731,Lucky Shell Pendant,,,,,256,1223,,,,,3542,,2370,,,,,,,,,1,,1,,,,508,RARE,Necklace
1879477433,Pearl Necklace,,,,,,291,,,,,,,,,,,,,,,,1,,1,,,,505,UNCOMMON,Necklace
1879477683,Refined Fancy Necklace of the Adventurer,,,,1289,,1568,,,,3054,5450,,,,,,,,,,,,,1,,,,510,INCOMPARABLE,Necklace
1879477676,Refined Fancy Necklace of the Adventurer,,,,1289,,1568,,,,,3633,,,,,,12651,,,,,,,1,,,,510,INCOMPARABLE,Necklace
1879477746,Refined Heavy Torc of the Adventurer,,1289,,,,1568,,,,3054,,,,,,,,,9817,,,,,1,,,,510,INCOMPARABLE,Necklace
1879477672,Refined Heavy Torc of the Adventurer,,1289,,,,1568,3014,,,,5450,,,,,,,,,,,,,1,,,,510,INCOMPARABLE,Necklace
1879477729,Refined Stylish Pendant of the Adventurer,,,1289,,,1568,,,,3054,,,,,,,,,9817,,,,,1,,,,510,INCOMPARABLE,Necklace
1879477709,Refined Stylish Pendant of the Adventurer,,,1289,,,1568,3014,,,,5450,,,,,,,,,,,,,1,,,,510,INCOMPARABLE,Necklace
1879477428,Skilled Pearl Necklace,,,,,,325,,,,,,,,,,,,,,,,1,,3,,,,513,RARE,Necklace
1879475730,Special Shell Pendant,,,,,,1380,,,2789,2789,,,,,,2271,,,5811,,,,,,,,,501,UNCOMMON,Necklace
1879477739,Stylish Pendant of the Adventurer,,,1289,,,1568,,,,,,,,,,,,,9817,,,,,1,,,,510,RARE,Necklace
1879477665,Stylish Pendant of the Adventurer,,,1289,,,1568,,,,,5450,,,,,,,,,,,,,1,,,,510,RARE,Necklace
1879477430,Versatile Pearl Necklace,,,,,,308,,,,,,,,,,,,,,,,1,,2,,,,509,RARE,Necklace
1879477820,Brutal Double Axe of the Adventurer,,1289,,,,1568,,,,,7266,,,,7659,,,,,,,,,,496.6,426,567,510,INCOMPARABLE,One-handed Axe
1879477786,Brutal Double Axe of the Adventurer,,1289,,,,1568,,,,,,9704,,,,7659,,,,,,,,,496.6,426,567,510,INCOMPARABLE,One-handed Axe
1879477829,Cruel Double Axe of the Adventurer,,1289,,,,1568,,,,,,7282,,,,5101,,,,,,,,,478.2,410,546,510,RARE,One-handed Axe
1879477777,Cruel Double Axe of the Adventurer,,1289,,,,1568,,,,,5450,,,,5101,,,,,,,,,,478.2,410,546,510,RARE,One-handed Axe
1879477314,Expertly Forged Umbari Empowered Axe,,,,,,,,3105,,,1884,,,,,,,,,,,1,1,1,484.6,415,554,512,RARE,One-handed Axe
1879477299,Expertly Forged Umbari Light Axe,,,,,273,,,,,,,,5033,,,,,,,,,1,1,1,484.6,415,554,512,RARE,One-handed Axe
1879477283,Expertly Forged Umbari Reinforced Axe,,,,,,,,,3142,,,,2520,,,,,,,,,1,1,1,484.6,415,554,512,RARE,One-handed Axe
1879477311,Expertly Forged Umbari Sharp Axe,,,,,,,3105,,,,1884,,,,,,,,,,,1,1,1,484.6,415,554,512,RARE,One-handed Axe
1879477263,Forged Umbari Empowered Axe,,,,,,1005,,2121,,,1681,,,,,,,,,,,1,,1,446.9,383,511,503,UNCOMMON,One-handed Axe
1879477317,Forged Umbari Light Axe,,,,,242,1005,,,,,,,3370,,,,,,,,,1,,1,446.9,383,511,503,UNCOMMON,One-handed Axe
1879477271,Forged Umbari Reinforced Axe,,,,,,1005,,,2158,,,,2250,,,,,,,,,1,,1,446.9,383,511,503,UNCOMMON,One-handed Axe
1879477274,Forged Umbari Sharp Axe,,,,,,1005,2121,,,,1681,,,,,,,,,,,1,,1,446.9,383,511,503,UNCOMMON,One-handed Axe
1879477831,Formidable Axe of the Adventurer,,,1289,,,1568,,,,,7266,,,,7659,,,,,,,,,,496.6,426,567,510,INCOMPARABLE,One-handed Axe
1879477806,Formidable Axe of the Adventurer,,,1289,,,1568,,,,,,9704,,,,7659,,,,,,,,,496.6,426,567,510,INCOMPARABLE,One-handed Axe
1879477241,Keen Axe,,,867,,,836,,,4219,,4906,,,,,,,,,,,,,,443.8,380,507,502,UNCOMMON,One-handed Axe
1879477823,Menacing Axe of the Adventurer,,,1289,,,1568,,,,,5450,,,,5101,,,,,,,,,,478.2,410,546,510,RARE,One-handed Axe
1879477772,Menacing Axe of the Adventurer,,,1289,,,1568,,,,,,7282,,,,5101,,,,,,,,,478.2,410,546,510,RARE,One-handed Axe
1879477232,Pristine Keen Axe,,,1095,,,1064,,,4484,,7085,,,,,,,,,,,,,,471.7,404,539,508,RARE,One-handed Axe
1879477237,Pristine Weighted Axe,,1095,,,,1064,5898,,,,,,,7467,,,,,,,,,,,471.7,404,539,508,RARE,One-handed Axe
1879477230,Pristine Wilful Axe,,,,1095,,1064,,5898,,4484,,,,,,,,,,,,,,,471.7,404,539,508,RARE,One-handed Axe
1879477222,Weighted Axe,,867,,,,836,4151,,,,,,,6892,,,,,,,,,,,443.8,380,507,502,UNCOMMON,One-handed Axe
1879477233,Wilful Axe,,,,867,,836,,4151,,4219,,,,,,,,,,,,,,,443.8,380,507,502,UNCOMMON,One-handed Axe
1879477835,Agile Club of the Adventurer,,,1289,,263,1568,,,,4573,,,,,2554,,,,,,,,,,478.2,410,546,510,RARE,One-handed Club
1879477833,Agile Club of the Adventurer,,,1289,,263,1568,,,,,5450,,,,2554,,,,,,,,,,478.2,410,546,510,RARE,One-handed Club
1879477267,Carved Umbari Empowered Club,,,,,,1005,,2121,,,1681,,,,,,,,,,,1,,1,446.9,383,511,503,UNCOMMON,One-handed Club
1879477266,Carved Umbari Heavy Club,,,,,,1005,2121,,,,1681,,,,,,,,,,,1,,1,446.9,383,511,503,UNCOMMON,One-handed Club
1879477270,Carved Umbari Light Club,,,,,242,1005,,,,,,,3370,,,,,,,,,1,,1,446.9,383,511,503,UNCOMMON,One-handed Club
1879477287,Carved Umbari Reinforced Club,,,,,,1005,,,2158,,,,2250,,,,,,,,,1,,1,446.9,383,511,503,UNCOMMON,One-handed Club
1879477290,Expertly Carved Umbari Empowered Club,,,,,,,,3105,,,1884,,,,,,,,,,,1,1,1,484.6,415,554,512,RARE,One-handed Club
1879477298,Expertly Carved Umbari Heavy Club,,,,,,,3105,,,,1884,,,,,,,,,,,1,1,1,484.6,415,554,512,RARE,One-handed Club
1879477282,Expertly Carved Umbari Light Club,,,,,273,,,,,,,,5033,,,,,,,,,1,1,1,484.6,415,554,512,RARE,One-handed Club
1879477307,Expertly Carved Umbari Reinforced Club,,,,,,,,,3142,,,,2520,,,,,,,,,1,1,1,484.6,415,554,512,RARE,One-handed Club
1879477818,Forceful Bludgeon of the Adventurer,,1289,,,263,1568,,,,,7266,,,,5101,,,,,,,,,,496.6,426,567,510,INCOMPARABLE,One-handed Club
1879477802,Forceful Bludgeon of the Adventurer,,1289,,,263,1568,,,,6100,,,,,5101,,,,,,,,,,496.6,426,567,510,INCOMPARABLE,One-handed Club
1879477816,Lively Club of the Adventurer,,,1289,,263,1568,,,,,7266,,,,5101,,,,,,,,,,496.6,426,567,510,INCOMPARABLE,One-handed Club
1879477790,Lively Club of the Adventurer,,,1289,,263,1568,,,,6100,,,,,5101,,,,,,,,,,496.6,426,567,510,INCOMPARABLE,One-handed Club
1879477822,Weighted Bludgeon of the Adventurer,,1289,,,263,1568,,,,,5450,,,,2554,,,,,,,,,,478.2,410,546,510,RARE,One-handed Club
1879477781,Weighted Bludgeon of the Adventurer,,1289,,,263,1568,,,,4573,,,,,2554,,,,,,,,,,478.2,410,546,510,RARE,One-handed Club
1879477826,Alloyed Hammer of the Adventurer,,,1289,,,1568,,,,,,,,,,7659,,,13133,,,,,,199.5,,,510,INCOMPARABLE,One-handed Hammer
1879477780,Alloyed Hammer of the Adventurer,,,1289,,,1568,6020,,,,,,,,7659,,,,,,,,,,496.6,426,,510,INCOMPARABLE,One-handed Hammer
1879477828,Alloyed War Hammer of the Adventurer,,1289,,,,1568,6020,,,,,,,,7659,,,,,,,,,,496.6,426,567,510,INCOMPARABLE,One-handed Hammer
1879477798,Alloyed War Hammer of the Adventurer,,,,,,1568,,,,,,,,,,7659,,,13133,,,,,,496.6,426,567,510,INCOMPARABLE,One-handed Hammer
1879477260,Carved Umbari Empowered Hammer,,,,,,1005,,2121,,,1681,,,,,,,,,,,1,,1,446.9,383,511,503,UNCOMMON,One-handed Hammer
1879477300,Carved Umbari Light Hammer,,,,,242,1005,,,,,,,3370,,,,,,,,,1,,1,446.9,383,511,503,UNCOMMON,One-handed Hammer
1879477305,Carved Umbari Reinforced Hammer,,,,,,1005,,,2158,,,,2250,,,,,,,,,1,,1,446.9,383,511,503,UNCOMMON,One-handed Hammer
1879477258,Carved Umbari Sharp Hammer,,,,,,1005,2121,,,,1681,,,,,,,,,,,1,,1,446.9,383,511,503,UNCOMMON,One-handed Hammer
1879477297,Expertly Carved Umbari Empowered Hammer,,,,,,,,3105,,,1884,,,,,,,,,,,1,1,1,484.6,415,554,512,RARE,One-handed Hammer
1879477313,Expertly Carved Umbari Light Hammer,,,,,273,,,,,,,,5033,,,,,,,,,1,1,1,484.6,415,554,512,RARE,One-handed Hammer
1879477308,Expertly Carved Umbari Reinforced Hammer,,,,,,,,,3142,,,,2520,,,,,,,,,1,1,1,484.6,415,554,512,RARE,One-handed Hammer
1879477295,Expertly Carved Umbari Sharp Hammer,,,,,,,3105,,,,1884,,,,,,,,,,,1,1,1,484.6,415,554,512,RARE,One-handed Hammer
1879477825,Stout Hammer of the Adventurer,,,1289,,,1568,4517,,,,,,,,5101,,,,,,,,,,478.2,410,546,510,RARE,One-handed Hammer
1879477813,Stout Hammer of the Adventurer,,,1289,,,1568,,,,,,,,,,5101,,,9817,,,,,,478.2,410,546,510,RARE,One-handed Hammer
1879477827,Stout War Hammer of the Adventurer,,1289,,,,1568,4517,,,,,,,,5101,,,,,,,,,,478.2,410,546,510,RARE,One-handed Hammer
1879477775,Stout War Hammer of the Adventurer,,1289,,,,1568,,,,,,,,,,5101,,,9817,,,,,,478.2,410,546,510,RARE,One-handed Hammer
1879477281,Expertly Forged Umbari Empowered Mace,,,,,,,,3105,,,1884,,,,,,,,,,,1,1,1,484.6,415,554,512,RARE,One-handed Mace
1879477302,Expertly Forged Umbari Light Mace,,,,,273,,,,,,,,5033,,,,,,,,,1,1,1,484.6,415,554,512,RARE,One-handed Mace
1879477259,Expertly Forged Umbari Reinforced Mace,,,,,,,,,3142,,,,2520,,,,,,,,,1,1,1,484.6,415,554,512,RARE,One-handed Mace
1879477276,Expertly Forged Umbari Sharp Mace,,,,,,,3105,,,,1884,,,,,,,,,,,1,1,1,484.6,415,554,512,RARE,One-handed Mace
1879477262,Forged Umbari Empowered Mace,,,,,,1005,,2121,,,1681,,,,,,,,,,,1,,1,446.9,383,511,503,UNCOMMON,One-handed Mace
1879477318,Forged Umbari Light Mace,,,,,242,1005,,,,,,,3370,,,,,,,,,1,,1,446.9,383,511,503,UNCOMMON,One-handed Mace
1879477265,Forged Umbari Reinforced Mace,,,,,,1005,,,2158,,,,2250,,,,,,,,,1,,1,446.9,383,511,503,UNCOMMON,One-handed Mace
1879477275,Forged Umbari Sharp Mace,,,,,,1005,2121,,,,1681,,,,,,,,,,,1,,1,446.9,383,511,503,UNCOMMON,One-handed Mace
1879477837,Formidable Mace of the Adventurer,,,1289,,,1568,,,4573,,3633,,4852,,,,,,,,,,,,496.6,426,567,510,INCOMPARABLE,One-handed Mace
1879477771,Formidable Mace of the Adventurer,,,310,,,381,1121,,860,,,,1161,,,,,,,,,,,,199.5,171,228,380,INCOMPARABLE,One-handed Mace
1879477783,Iron Heavy Mace of the Adventurer,,1289,,,,1568,,,,,,,,,,7659,,,6544,,,,,,478.2,410,546,510,RARE,One-handed Mace
1879477778,Iron Heavy Mace of the Adventurer,,1289,,,,1568,4517,,3054,,,,,,,,,,,,,,,,478.2,410,546,510,RARE,One-handed Mace
1879477809,Menacing Mace of the Adventurer,,,1289,,,1568,,,,,,,7282,,5101,,,,,,,,,,478.2,410,546,510,RARE,One-handed Mace
1879477776,Menacing Mace of the Adventurer,,,1289,,,1568,,,,,,,,,,7659,,,6544,,,,,,478.2,410,546,510,RARE,One-handed Mace
1879477779,Steel Heavy Mace of the Adventurer,,1289,,,,1568,4517,,3054,,,,4852,,,,,,,,,,,,496.6,426,567,510,INCOMPARABLE,One-handed Mace
1879477774,Steel Heavy Mace of the Adventurer,,1289,,,,1568,,,4573,,3633,,4852,,,,,,,,,,,,496.6,426,567,510,INCOMPARABLE,One-handed Mace
1879477834,Elegant Blade of the Adventurer,,,,1289,,1568,,,,,7266,,7282,,,,,,,,,,,,496.6,426,567,510,INCOMPARABLE,One-handed Sword
1879477796,Elegant Blade of the Adventurer,,,,1289,,1568,,,,,5450,,,,,,16861,,,,,,,,496.6,426,567,510,INCOMPARABLE,One-handed Sword
1879477292,Expertly Forged Umbari Empowered Cutlass,,,,,,,,3105,,,1884,,,,,,,,,,,1,1,1,484.6,415,554,512,RARE,One-handed Sword
1879477257,Expertly Forged Umbari Light Cutlass,,,,,273,,,,,,,,5033,,,,,,,,,1,1,1,484.6,415,554,512,RARE,One-handed Sword
1879477288,Expertly Forged Umbari Reinforced Cutlass,,,,,,,,,3142,,,,2520,,,,,,,,,1,1,1,484.6,415,554,512,RARE,One-handed Sword
1879477303,Expertly Forged Umbari Sharp Cutlass,,,,,,,3105,,,,1884,,,,,,,,,,,1,1,1,484.6,415,554,512,RARE,One-handed Sword
1879477807,Fine Blade of the Adventurer,,,,1289,,1568,,,,,5450,,4852,,,,,,,,,,,,478.2,410,546,510,RARE,One-handed Sword
1879477773,Fine Blade of the Adventurer,,,,1289,,1568,,,,,3633,,,,,,12651,,,,,,,,478.2,410,546,510,RARE,One-handed Sword
1879477320,Forged Umbari Empowered Cutlass,,,,,,1005,,2121,,,1681,,,,,,,,,,,1,,1,446.9,383,511,503,UNCOMMON,One-handed Sword
1879477291,Forged Umbari Light Cutlass,,,,,242,1005,,,,,,,3370,,,,,,,,,1,,1,446.9,383,511,503,UNCOMMON,One-handed Sword
1879477278,Forged Umbari Reinforced Cutlass,,,,,,1005,,,2158,,,,2250,,,,,,,,,1,,1,446.9,383,511,503,UNCOMMON,One-handed Sword
1879477261,Forged Umbari Sharp Cutlass,,,,,,1005,2121,,,,1681,,,,,,,,,,,1,,1,446.9,383,511,503,UNCOMMON,One-handed Sword
1879477794,Keen Falchion of the Adventurer,,1289,,,,1568,,,,3054,,,,,,,,,9817,,,,,,478.2,410,546,510,RARE,One-handed Sword
1879477784,Keen Falchion of the Adventurer,,1289,,,,1568,3014,,,,5450,,,,,,,,,,,,,,478.2,410,546,510,RARE,One-handed Sword
1879477832,Keen Sword of the Adventurer,,,1289,,,1568,,,,3054,,,,,,,,,9817,,,,,,478.2,410,546,510,RARE,One-handed Sword
1879477782,Keen Sword of the Adventurer,,,1289,,,1568,3014,,,,5450,,,,,,,,,,,,,,478.2,410,546,510,RARE,One-handed Sword
1879477228,Pristine Keen Cutlass,,,1095,,,1064,5898,,,,,,,7467,,,,,,,,,,,471.7,404,539,508,RARE,One-handed Sword
1879477242,Pristine Weighted Cutlass,,1095,,,,1064,5898,,4484,,,,,,,,,,,,,,,,471.7,404,539,508,RARE,One-handed Sword
1879477239,Pristine Wilful Cutlass,,,,1095,,1064,,5898,,,,,,,,7467,,,,,,,,,471.7,404,539,508,RARE,One-handed Sword
1879477819,Sharp Falchion of the Adventurer,,1289,,,,1568,,,,3054,,,,,5101,,,,9817,,,,,,496.6,426,567,510,INCOMPARABLE,One-handed Sword
1879477792,Sharp Falchion of the Adventurer,,1289,,,,1568,3014,,,,5450,,,,5101,,,,,,,,,,496.6,426,567,510,INCOMPARABLE,One-handed Sword
1879477817,Sharp Sword of the Adventurer,,,1289,,,1568,,,,3054,,,,,5101,,,,9817,,,,,,496.6,426,567,510,INCOMPARABLE,One-handed Sword
1879477799,Sharp Sword of the Adventurer,,,1289,,,1568,3014,,,,5450,,,,5101,,,,,,,,,,496.6,426,567,510,INCOMPARABLE,One-handed Sword
1879477716,Carved Jade Ring of the Adventurer,,,,1289,,1568,,4517,,,,,,,,5101,,,,,,,,,,,,510,RARE,Ring
1879477686,Carved Jade Ring of the Adventurer,,,,1289,,1568,,,,,5450,,,,,5101,,,,,,,,,,,,510,RARE,Ring
1879477724,Curious Onyx Ring of the Adventurer,,,,1289,,1568,,,4573,,,,4852,,,,,,,,,,,,,,,510,RARE,Ring
1879477681,Curious Onyx Ring of the Adventurer,,,,1289,,1568,,4517,3054,,,,,,,,,,,,,,,,,,,510,RARE,Ring
1879476356,Expertly Handmade Gem Encrusted Ring,,,,,,,,,3113,,,,,,,,,,3357,,,1,1,1,,,,512,RARE,Ring
1879476377,Expertly Handmade Ring of the Depths,,,,,,,,,,3113,,,,,,,,,3357,,,1,1,1,,,,512,RARE,Ring
1879476378,Expertly Handmade Ring of the Sea,,,,,,,,3075,,,1862,,,,,,,,,,,1,1,1,,,,512,RARE,Ring
1879476358,Expertly Handmade Ring of the Waves,,,,,,,3075,,,,1862,,,,,,,,,,,1,1,1,,,,512,RARE,Ring
1879475733,Flickering Pearl Ring,,440,440,440,,1276,,,,,,,6651,,,,,,,,,,,,,,,503,UNCOMMON,Ring
1879476774,Footman's Fierce Ring of the Moors,,,,,,728,,4289,,,2559,,2280,,,,,,,,,,,,,,,505,RARE,Ring
1879476769,Footman's Lustrous Ring of the Moors,,,,,368,728,,,,,,,6831,,,,,,3073,,,,,,,,,505,RARE,Ring
1879476744,Footman's Reinforced Ring of the Moors,,,,,,728,,,2180,4351,,,,,,,,,3073,,,,,,,,,505,RARE,Ring
1879476767,Footman's Spirited Ring of the Moors,,,,,,728,,,,,2559,,,,,,11876,,3073,,,,,,,,,505,RARE,Ring
1879476783,Footman's Strong Ring of the Moors,,,,,,728,4289,,,,2559,,2280,,,,,,,,,,,,,,,505,RARE,Ring
1879476743,Guardsman's Fierce Ring of the Moors,,,,,,728,,4289,,,2559,,,,,,,,,,,,,,,,,505,RARE,Ring
1879476738,Guardsman's Lustrous Ring of the Moors,,,,,368,728,,,,,,,6831,,,,,,,,,,,,,,,505,RARE,Ring
1879476756,Guardsman's Reinforced Ring of the Moors,,,,,,728,,,2180,4351,,,,,,,,,,,,,,,,,,505,RARE,Ring
1879476736,Guardsman's Spirited Ring of the Moors,,,,,,728,,,,,2559,,,,,,11876,,,,,,,,,,,505,RARE,Ring
1879476753,Guardsman's Strong Ring of the Moors,,,,,,728,4289,,,,2559,,,,,,,,,,,,,,,,,505,RARE,Ring
1879476355,Handmade Gem-encrusted Ring,,,,,,990,,,2136,,,,,,,,,,2992,,,1,,1,,,,503,UNCOMMON,Ring
1879476353,Handmade Ring of the Depths,,,,,,990,,,,2136,,,,,,,,,2992,,,1,,1,,,,503,UNCOMMON,Ring
1879476351,Handmade Ring of the Sea,,,,,,990,,2099,,,1658,,,,,,,,,,,1,,1,,,,503,UNCOMMON,Ring
1879476352,Handmade Ring of the Waves,,,,,,990,2099,,,,1658,,,,,,,,,,,1,,1,,,,503,UNCOMMON,Ring
1879477682,Lapis Mithril Ring of the Adventurer,,1289,,,,1568,4517,,3054,,,,,,,,,,,,,,,,,,,510,RARE,Ring
1879477658,Lapis Mithril Ring of the Adventurer,,1289,,,,1568,,,4573,,,,4852,,,,,,,,,,,,,,,510,RARE,Ring
1879477690,Lapis Silver Ring of the Adventurer,,,1289,,,1568,4517,,3054,,,,,,,,,,,,,,,,,,,510,RARE,Ring
1879477670,Lapis Silver Ring of the Adventurer,,,1289,,,1568,,,4573,,,,4852,,,,,,,,,,,,,,,510,RARE,Ring
1879476920,Ledger-keepers' Ring of Revival,,,,,540,1290,,,,,3724,,,,,,,,,,,1,,2,,,,512,INCOMPARABLE,Ring
1879476923,Ledger-keepers' Ring of the Citadel,,,,,,1931,,,,3113,,,,,,,,,,,,1,,2,,,,512,INCOMPARABLE,Ring
1879476919,Ledger-keepers' Ring of the Onslaught,,,,,,1609,,,,,,,3731,,,,,,,,,1,,2,,,,512,INCOMPARABLE,Ring
1879476922,Order of the Eagle Ring of Fortification,,,,,,1609,,,2334,2334,,,,,,,,4972,,,,1,,1,,,,512,INCOMPARABLE,Ring
1879476924,Order of the Eagle Ring of Mending,,,,,,1609,,,,,5586,,,,,,8634,,,,,1,,1,,,,512,INCOMPARABLE,Ring
1879476921,Order of the Eagle Ring of Swift Justice,,,,,,1609,,,,,7447,,2490,,,,,,,,,1,,1,,,,512,INCOMPARABLE,Ring
1879477702,Refined Carved Jade Ring of the Adventurer,,,,1289,,1568,,4517,,,,,,,,5101,,,,,,,,1,,,,510,INCOMPARABLE,Ring
1879477656,Refined Carved Jade Ring of the Adventurer,,,,1289,,1568,,,,,5450,,,,,5101,,,,,,,,1,,,,510,INCOMPARABLE,Ring
1879477700,Refined Curious Onyx Ring of the Adventurer,,,,310,,381,,745,1297,,,,1161,,,,,,,,,,,,,,,380,INCOMPARABLE,Ring
1879477669,Refined Curious Onyx Ring of the Adventurer,,,,1289,,1568,,4517,3054,,,,4852,,,,,,,,,,,,,,,510,INCOMPARABLE,Ring
1879477721,Refined Lapis Mithril Ring of the Adventurer,,1289,,,,1568,4517,,3054,,,,4852,,,,,,,,,,,,,,,510,INCOMPARABLE,Ring
1879477701,Refined Lapis Mithril Ring of the Adventurer,,1289,,,,1568,,,4573,,3633,,4852,,,,,,,,,,,,,,,510,INCOMPARABLE,Ring
1879477723,Refined Lapis Silver Ring of the Adventurer,,,1289,,,1568,,,4573,,3633,,4852,,,,,,,,,,,,,,,510,INCOMPARABLE,Ring
1879477675,Refined Lapis Silver Ring of the Adventurer,,,1289,,,1568,4517,,3054,,,,4852,,,,,,,,,,,,,,,510,INCOMPARABLE,Ring
1879477714,Refined Topaz Gold Ring of the Adventurer,,,1289,,,1568,,,,,,7282,,,,5101,,,,,,,,1,,,,510,INCOMPARABLE,Ring
1879477659,Refined Topaz Gold Ring of the Adventurer,,,1289,,,1568,,,,,5450,,,,5101,,,,,,,,,1,,,,510,INCOMPARABLE,Ring
1879477710,Refined Topaz Steel Ring of the Adventurer,,1289,,,,1568,,,,,5450,,,,5101,,,,,,,,,1,,,,510,INCOMPARABLE,Ring
1879477680,Refined Topaz Steel Ring of the Adventurer,,1289,,,,1568,,,,,,7282,,,,5101,,,,,,,,1,,,,510,INCOMPARABLE,Ring
1879475736,Shimmering Pearl Ring,,,,,,1526,,,,,,,4732,,,,,,3195,,,1,,1,,,,508,RARE,Ring
1879475728,Shimmering Tidal Ring,,,,,,1464,,,,,3407,,,,,2397,,,,,,1,,1,,,,505,RARE,Ring
1879477691,Topaz Gold Ring of the Adventurer,,,1289,,,1568,,,,,5450,,,,5101,,,,,,,,,,,,,510,RARE,Ring
1879477685,Topaz Gold Ring of the Adventurer,,,1289,,,1568,,,,,,7282,,,,5101,,,,,,,,,,,,510,RARE,Ring
1879477687,Topaz Steel Ring of the Adventurer,,1289,,,,1568,,,,,5450,,,,5101,,,,,,,,,,,,,510,RARE,Ring
1879477666,Topaz Steel Ring of the Adventurer,,1289,,,,1568,,,,,,7282,,,,5101,,,,,,,,,,,,510,RARE,Ring
1879477638,Aegis of the Adventurer,9791,,,1289,,1409,,3762,,,2729,,,7282,,,,,,,,,,,,,,510,RARE,Shield
1879477635,Aegis of the Adventurer,9791,,,1123,,1568,,,,2290,,,,7282,,,10530,,,,,,,,,,,510,RARE,Shield
1879477649,Brilliant Aegis of the Adventurer,11622,,,1289,,1409,,5273,,,4545,,,7282,,,,,,,,,,,,,,510,INCOMPARABLE,Shield
1879477645,Brilliant Aegis of the Adventurer,11622,,,1123,,1568,,,,3809,,,,7282,,,14796,,,,,,,,,,,510,INCOMPARABLE,Shield
1879478104,Expertly Forged Balanced Umbari Shield,9981,,,,,,,,,3113,,,,2617,,,,,,,,1,1,1,,,,512,RARE,Shield
1879478093,Expertly Forged Protector's Umbari Targe,9981,,,,,,,,,,,,,2617,,,8634,,,,,1,1,1,,,,512,RARE,Shield
1879478095,Expertly Forged Reinforced Umbari Targe,9981,,,,,,3075,,,,,,,2617,,,,,,,,1,1,1,,,,512,RARE,Shield
1879478092,Expertly Forged Resilient Umbari Shield,9981,,,,,,,3075,,,,,,2617,,,,,,,,1,1,1,,,,512,RARE,Shield
1879478099,Forged Balanced Umbari Shield,8553,,,,,990,,,,2136,,,,2334,,,,,,,,1,,1,,,,503,UNCOMMON,Shield
1879478076,Forged Protector's Umbari Targe,8553,,,,,990,,,,,,,,2334,,,5771,,,,,1,,1,,,,503,UNCOMMON,Shield
1879478091,Forged Reinforced Umbari Targe,8553,,,,,990,2099,,,,,,,2334,,,,,,,,1,,1,,,,503,UNCOMMON,Shield
1879478078,Forged Resilient Umbari Shield,8553,,,,,990,,2099,,,,,,2334,,,,,,,,1,,1,,,,503,UNCOMMON,Shield
1879478098,Pristine Balanced Umbari Shield,8993,,,940,,1064,,,,4484,,,,6212,,,,,,,,,,,,,,508,UNCOMMON,Shield
1879478101,Pristine Reinforced Umbari Targe,8993,940,,,,1064,4426,,,,,,,6212,,,,,,,,,,,,,,508,UNCOMMON,Shield
1879478087,Pristine Resilient Umbari Shield,8993,,,940,,1064,,4426,,,,,,6212,,,,,,,,,,,,,,508,UNCOMMON,Shield
1879478085,Resilient Umbari Shield,8465,,,867,,975,,4151,,,,,,5738,,,,,,,,,,,,,,502,UNCOMMON,Shield
1879477647,Targe of the Adventurer,9791,1289,,,,1409,2259,,,,3633,,,9704,,,,,,,,,,,,,,510,RARE,Shield
1879477639,Targe of the Adventurer,9791,1123,,,,1568,,,,,,,,14596,,,10530,,,,,,,,,,,510,RARE,Shield
1879477643,Valiant Targe of the Adventurer,11622,1123,,,,1568,,,,3054,,,,14596,,,10530,,,,,,,,,,,510,INCOMPARABLE,Shield
1879477641,Valiant Targe of the Adventurer,11622,1289,,,,1409,3762,,,,5450,,,9704,,,,,,,,,,,,,,510,INCOMPARABLE,Shield
1879478075,Bright Umbari Aegis,10620,,867,,,975,4151,,,,,,,5738,,,,,,,,,,,,,,502,UNCOMMON,Warden's Shield
1879478096,Expertly Forged Bright Umbari Aegis,12495,,,,,,3075,,,,,,,2617,,,,,,,,1,1,1,,,,512,RARE,Warden's Shield
1879478081,Expertly Forged Reinforced Umbari Aegis,12495,,,,,,,,3113,,,,,2617,,,,,,,,1,1,1,,,,512,RARE,Warden's Shield
1879478079,Forged Bright Umbari Aegis,10730,,,,,990,2099,,,,,,,2334,,,,,,,,1,,1,,,,503,UNCOMMON,Warden's Shield
1879478086,Forged Reinforced Umbari Aegis,10730,,,,,990,,,2136,,,,,2334,,,,,,,,1,,1,,,,503,UNCOMMON,Warden's Shield
1879478100,Pristine Bright Umbari Aegis,11281,,940,,,1064,4426,,,,,,,6212,,,,,,,,,,,,,,508,UNCOMMON,Warden's Shield
1879478077,Pristine Reinforced Umbari Aegis,11281,,940,,,1064,,,4484,,,,,6212,,,,,,,,,,,,,,508,UNCOMMON,Warden's Shield
1879477640,Reinforced Shield of the Adventurer,14508,,1289,,,1409,3762,,,,5450,,,9704,,,,,,,,,,,,,,510,INCOMPARABLE,Warden's Shield
1879477634,Reinforced Shield of the Adventurer,14508,,1123,482,,1568,,,,4573,,,,14596,,,,,,,,,,,,,,510,INCOMPARABLE,Warden's Shield
1879477642,Shield of the Adventurer,12263,,1123,321,,1568,,,,2290,,,,14596,,,,,,,,,,,,,,510,RARE,Warden's Shield
1879477636,Shield of the Adventurer,12263,,1289,,,1409,2259,,,,3633,,,9704,,,,,,,,,,,,,,510,RARE,Warden's Shield
